text,author,tags
星际牛仔,1,9.1
攻壳机动队 S.A.C. 2nd GIG,2,9.1
攻壳机动队 STAND ALONE COMPLEX,3,9.0
CLANNAD ～AFTER STORY～,4,8.9
新世纪福音战士,5,8.9
银魂',6,8.9
攻壳机动队,7,8.9
新世纪福音战士剧场版 Air/真心为你,8,8.8
银魂,9,8.8
灌篮高手,10,8.8
浪客剑心 追忆篇,11,8.8
白箱,12,8.8
3月的狮子 第二季,13,8.8
钢之炼金术师 FULLMETAL ALCHEMIST,14,8.7
银河英雄传说,15,8.8
虫师,16,8.7
福音战士新剧场版：破,17,8.7
猫和老鼠,18,8.7
水星领航员 第三季,19,8.7
攻壳机动队2 无罪,20,8.6
蓝色恐惧,21,8.6
天元突破 红莲螺岩,22,8.6
凉宫春日的消失,23,8.6
水星领航员 The AVVENIRE,24,8.7
海贼王,25,8.5
命运石之门,26,8.5
大闹天宫,27,8.6
千与千寻,28,8.5
蜂蜜与四叶草,29,8.5
蜂蜜与四叶草II,30,8.5
虫师 续章 第2期,31,8.5
千年女优,32,8.5
混沌武士,33,8.5
虫师 续章,34,8.5
天空之城,35,8.5
瑞克和莫蒂 第二季,36,8.6
攻壳机动队2.0,37,8.5
少女与战车 剧场版,38,8.4
排球少年 乌野高校 VS 白鸟泽学园高校,39,8.4
机动警察 和平保卫战,40,8.5
CLANNAD,41,8.4
瑞克和莫蒂 第三季,42,8.6
魔法少女小圆,43,8.4
机动战士高达0080 口袋里的战争,44,8.4
红辣椒,45,8.4
四叠半神话大系,46,8.4
机动战士Z高达,47,8.4
怪物,48,8.4
幽灵公主,49,8.4
死亡笔记,50,8.4
新世纪福音战士剧场版 DEATH(TRUE)2/Air/真心为你,51,8.4
歌牌情缘2,52,8.4
星空清理者,53,8.4
空之境界 第五章 矛盾螺旋,54,8.3
攻壳机动队 S.A.C. Solid State Society,55,8.4
哆啦A梦 大山版,56,8.5
百变之星,57,8.4
JOJO的奇妙冒险,58,8.3
昭和元禄落语心中 -助六再临篇-,59,8.4
风之谷,60,8.3
银魂' 延长战,61,8.4
钢之炼金术师,62,8.3
福音战士新剧场版：序,63,8.3
JOJO的奇妙冒险 星尘斗士 埃及篇,64,8.3
水星领航员 OVA,65,8.4
瑞克和莫蒂 第一季,66,8.4
排球少年 第二季,67,8.3
棒球英豪,68,8.4
乒乓,69,8.3
数码兽大冒险,70,8.3
十二国记,71,8.3
少女革命,72,8.3
星际牛仔 天国之扉,73,8.3
日常,74,8.3
Code Geass 反叛的鲁路修,75,8.3
永生之酒,76,8.3
水星领航员 第二季,77,8.3
猎人,78,8.3
夏目友人帐 参,79,8.3
虫师 续章 铃之雫,80,8.3
哆啦A梦,81,8.3
皇家国教骑士团 OVA,82,8.3
王牌投手 振臂高挥,83,8.3
物怪,84,8.3
机器人总动员,85,8.3
棋魂,86,8.3
爆漫王。3,87,8.3
机动战士高达 逆袭的夏亚,88,8.3
太空丹迪 第二季,89,8.3
比宇宙更远的地方,90,8.3
王牌投手 振臂高挥～夏日大会篇～,91,8.3
飞跃巅峰！,92,8.3
FLCL,93,8.3
Heart Catch 光之美少女!,94,8.3
龙猫,95,8.2
新世纪福音战士剧场版 死与新生,96,8.2
水星领航员,97,8.2
虫师 蚀日之翳,98,8.3
电脑线圈,99,8.2
化物语,100,8.2
来自深渊,101,8.2
∀高达,102,8.3
东京教父,103,8.2
来自新世界,104,8.2
魔法少女小圆 剧场版 [新篇] 叛逆的物语,105,8.2
全金属狂潮 校园篇,106,8.2
终物语（下）,107,8.2
Fate/Zero,108,8.2
回忆三部曲,109,8.2
春宵苦短，少女前进吧！,110,8.2
幸运星,111,8.2
秒速5厘米,112,8.2
飞跃巅峰2！,113,8.2
日本动画（人）博览会,114,8.2
宇宙兄弟,115,8.2
交响诗篇,116,8.2
小马驹G4 第二季,117,8.4
3月的狮子,118,8.2
JOJO的奇妙冒险 星尘斗士,119,8.2
歌牌情缘,120,8.2
空之境界 第七章 杀人考察（后）,122,8.1
机动战士高达 第08MS小队,123,8.2
摇曳露营△,124,8.2
猎人 OVA,125,8.2
龙珠,126,8.2
凉宫春日的忧郁,127,8.1
爆漫王。2,128,8.1
白兔糖,129,8.1
Code Geass 反叛的鲁路修R2,130,8.1
冰菓,131,8.1
监狱兔 第一季,132,8.1
银魂°,134,8.2
小马驹G4 第一季,135,8.3
续 夏目友人帐,136,8.1
排球少年,137,8.1
夏目友人帐,138,8.1
天元突破红莲螺岩 螺岩篇,139,8.1
少女革命剧场版 思春期默示录,141,8.2
AIR,142,8.1
你的名字。,143,8.1
昭和元禄落语心中,144,8.1
狮子王,145,8.1
寒蝉鸣泣之时 解,146,8.1
龙与虎,147,8.1
黑客帝国动画版,148,8.1
搞笑漫画日和,149,8.1
吹响！悠风号,150,8.1
悠久之翼2,151,8.1
攻壳机动队 S.A.C. SSS 3D,152,8.2
攻壳机动队 笑面男,153,8.2
老人与海,154,8.2
心灵游戏,155,8.1
海马,156,8.1
夏目友人帐 肆,157,8.1
宇宙战舰大和号2199,158,8.1
怪诞小镇 第二季,159,8.3
穿越时空的少女,160,8.1
欢迎加入NHK！,161,8.1
山水情,162,8.3
NO GAME NO LIFE ZERO,163,8.1
夏日大作战,164,8.1
吊带袜天使,165,8.1
回忆积木小屋,166,8.1
攻壳机动队 个别的十一人,167,8.2
超时空要塞 可曾记得爱,168,8.1
百变之星 不死鸟传说 ～蕾拉・汉密尔顿物语～,169,8.2
寒蝉鸣泣之时,170,8.1
狼的孩子雨和雪,171,8.1
一拳超人,172,8.1
奇诺之旅,173,8.1
妄想代理人,174,8.1
伤物语III 冷血篇,175,8.1
黑礁 The Second Barrage,177,8.1
机动战士高达 THE ORIGIN,178,8.1
空之境界 第三章 痛觉残留,179,8.0
全金属狂潮 Invisible Victory,180,8.3
装甲骑兵VOTOMS,181,8.3
无限的未知,182,8.1
机动战舰,183,8.1
无头骑士异闻录,184,8.0
魔卡少女樱,185,8.0
命运石之门 0,186,8.2
四月是你的谎言,187,8.0
小魔女DoReMi 童年秘密篇,188,8.4
交响情人梦,189,8.0
校园迷糊大王,190,8.0
吹响！悠风号 第二季,191,8.0
超时空要塞,192,8.1
罗小黑战记,193,8.1
疯狂约会美丽都,194,8.2
空之境界 第一章 俯瞰风景,195,8.0
太空丹迪,196,8.0
龙珠Z,197,8.0
悠久之翼,198,8.0
机动警察 OVA2,199,8.2
萩萩公主,200,8.2
DARKER THAN BLACK -黑之契约者-,201,8.0
回转企鹅罐,202,8.0
蓝宝石之谜,203,8.0
小马驹G4 第四季,204,8.3
福星小子2 绮丽梦中人,205,8.2
精灵守护者,206,8.0
麻辣教师GTO,207,8.0
勇者王GaoGaiGar Final,208,8.2
人狼,209,8.0
机动战士高达,210,8.0
勇者王GaoGaiGar Final Grand Glorious Gathering,211,8.3
爆漫王。,212,8.0
搞笑漫画日和2,213,8.0
寻梦环游记,214,8.0
南方公园 第15季,215,8.1
银之匙 Silver Spoon 第二季,216,8.0
红猪,217,8.0
天体战士 第2期,218,8.0
天体战士,219,8.0
男子高中生的日常,220,8.0
少年同盟 2,221,8.0
魔法少女奈叶 The MOVIE 2nd A’s,222,8.0
JOJO的奇妙冒险 不灭钻石,223,8.0
剧场版 吹响！悠风号～想要传达的旋律～,224,8.2
星游记,225,8.0
搞笑漫画日和3,226,8.0
银之匙 Silver Spoon,227,8.0
秀逗魔导士NEXT,228,8.0
×××HOLiC◆继,229,8.0
监狱兔 第四季,230,8.0
悠哉日常大王,231,8.0
向阳素描 沙英・寻 毕业篇,232,8.1
交响情人梦Finale,233,8.0
悠哉日常大王 Repeat,234,8.0
恶魔人 crybaby,235,8.0
少女终末旅行,236,8.0
Fate/stay night [Heaven’s Feel] I.presage flower,237,8.1
小魔女DoReMi 大合奏,238,8.3
赌博默示录,239,8.0
机动战舰 -The prince of darkness-,240,8.0
物语系列 第二季,241,8.0
怪诞小镇 第一季,242,8.1
宇宙骑士BLADE,243,8.0
少女与战车 最终章 第1话,244,8.0
校园迷糊大王 二学期,245,8.0
机动警察,246,8.0
超时空要塞Plus,247,8.0
魔术师,248,8.2
灵异E接触,249,7.9
降世神通：最后的气宗 第三季,250,8.0
降世神通：最后的气宗 第二季,251,8.0
少年同盟,252,7.9
夏娃的时间 剧场版,253,7.9
最终流放,254,7.9
夏娃的时间,255,7.9
JOJO的奇妙冒险 幻影血脉,256,8.1
斩服少女,257,7.9
红线,258,8.0
魔法少女小圆 剧场版 [后篇] 永远的物语,259,7.9
有顶天家族,260,7.9
苍穹之法芙娜 EXODUS,261,8.0
银魂剧场版 完结篇 万事屋永不落,262,7.9
马男波杰克,263,8.1
空之境界 第二章 杀人考察（前）,264,7.9
月刊少女野崎君,265,7.9
圣母在上 第3季,266,8.0
异邦人 无皇刃谭,267,7.9
黑礁,268,7.9
娜娜,269,7.9
星界的纹章,270,8.0
THE BIG-O,271,8.0
摇滚新乐团,272,8.0
我们仍未知道那天所看见的花的名字。,273,7.9
热带雨林的爆笑生活,274,7.9
希德尼娅的骑士 第九惑星战役,275,7.9
银魂 JUMP动画巡回展 2005,276,8.0
疯狂动物城,277,7.9
超智游戏,278,7.9
月色真美,279,7.9
南方公园 第17季,280,8.1
幽游白书,281,7.9
猎人 OVA3,282,7.9
天元突破红莲螺岩 红莲篇,283,7.9
侧耳倾听,284,7.9
全金属狂潮 The Second Raid,285,7.9
重金属摇滚双面人,286,7.9
偶像大师,287,7.9
吸血鬼猎人D,288,7.9
猎人,289,7.9
兽娘动物园,290,7.9
银魂剧场版 新译红樱篇,291,7.9
蜡笔小新 呼风唤雨！大人帝国的反击,292,8.0
小马驹G4 第三季,293,8.1
南方公园 第16季,295,8.0
剑风传奇 黄金时代篇III 降临,296,7.9
辉夜姬物语,297,7.9
猎人 OVA2,298,7.9
热带雨林的爆笑生活FINAL,299,7.9
TIGER & BUNNY,300,7.9
秀逗魔导士,301,7.9
战斗妖精雪风,302,7.9
热带雨林的爆笑生活DELUXE,303,7.9
机动战士高达UC,304,7.9
凉宫春日的忧郁 2009,305,7.9
苍穹之法芙娜 EXODUS 第2期,306,7.9
玛丽和马克思,307,8.0
传说巨神伊迪安 发动篇,308,8.2
宝石之国,309,7.9
赌博默示录 破戒录篇,310,7.9
李献计历险记,311,7.9
空之境界 第四章 伽蓝之洞,312,7.9
圣母在上 春,313,7.9
剑豪生死斗,314,7.9
俗・再见绝望先生,315,7.9
轻音少女 剧场版,316,7.9
神枪少女,317,7.9
AIR 夏季篇,318,7.9
人类衰退之后,319,7.9
×××HOLiC,320,7.9
四叶游戏,321,7.9
搞笑漫画日和＋,322,7.9
星界的战旗II,323,8.0
游戏王－怪兽之决斗,324,7.9
数码暴龙03驯兽师之王,325,7.9
黑礁 Roberta’s Blood Trail,326,7.9
空之境界 未来福音,327,7.9
星界的战旗III,328,8.1
斗牌传说,329,7.9
葫芦兄弟,330,7.9
剑风传奇,331,7.9
向阳素描×蜂窝,332,7.9
圣母在上 第4季,333,7.9
伤物语II 热血篇,334,7.9
阿基拉,335,7.9
幸运星 OVA,336,7.9
灵能百分百,337,7.8
来来猫,338,8.0
罗德斯岛战记,339,7.9
再见绝望先生,340,7.8
哈尔的移动城堡,341,7.8
轻音少女,342,7.8
你看起来很好吃,343,7.8
阿滋漫画大王,344,7.8
降世神通：最后的气宗 第一季,345,7.9
草莓棉花糖,346,7.8
勇者王GaoGaiGar,347,8.0
希德尼娅的骑士,348,7.8
Megalo Box,349,7.9
真盖塔 世界最后之日,350,7.9
猫汤,351,7.8
来来猫 第二季,352,8.0
Heart Catch光之美少女 超级时尚秀在花之都...真的吗！？,353,7.9
剑风传奇 黄金时代篇II 多尔多雷攻略,354,7.8
现视研2,355,7.8
魔法少女奈叶A's,356,7.8
凡尔赛玫瑰,357,8.2
闪电十一人,358,7.9
魔法少女小圆 剧场版 [前篇] 起始的物语,359,7.8
全金属狂潮,360,7.8
忏・再见绝望先生,361,7.8
东方活动写真馆,363,7.9
进击的巨人,364,7.8
玲音,365,7.8
相聚一刻,366,8.0
元气囝仔,367,7.8
铳墓,368,7.9
好想告诉你 第二季,369,7.8
Kanon,370,7.8
魔卡少女樱 被封印的卡片,371,7.8
南方公园 第14季,372,8.0
鲁邦三世,373,7.9
×××HOLiC 笼,375,7.8
交响情人梦 巴黎篇,376,7.8
小马驹G4 第五季,377,8.1
狼与香辛料,378,7.8
狱・再见绝望先生,379,7.8
马男波杰克2,380,8.0
幻想万华镜 春雪异变之章,381,7.8
鲁邦三世：卡里奥斯特罗城,383,7.9
此时此刻的我,384,7.8
听到涛声,385,7.8
银河铁道999,386,8.1
有顶天家族2,387,7.8
玉子爱情故事,388,7.8
现视研,389,7.8
乌龙派出所,390,8.3
超时空要塞Plus 剧场版,391,7.9
探险活宝 第一季,392,8.0
食灵-零-,393,7.8
忏・再见绝望先生 番外地,394,7.8
空之境界 未来福音 extra chorus,395,7.8
飞出个未来 第1季,396,8.1
心理测量者,397,7.8
精灵宝可梦,398,7.8
寄生兽 生命的准则,399,7.8
日常 （ETV版）,400,7.8
好想告诉你,401,7.8
浪客剑心,402,7.8
Go! Princess 光之美少女,403,7.9
飞屋环游记,404,7.8
马男波杰克3,405,8.0
哈库梅伊与蜜珂析,406,7.8
苍穹之法芙娜 RIGHT OF LEFT,407,7.8
宇宙战舰大和号2199 第四章「银河边境的攻防」,408,7.9
九色鹿,409,7.8
NHK15个动画短片,410,7.8
魔女宅急便,411,7.7
刀语,412,7.8
江户盗贼团五叶,413,7.8
草莓棉花糖 OVA 第1期,414,7.8
圣母在上,415,7.8
王立宇宙军 欧尼亚米斯之翼,416,7.8
机动警察 东京毁灭战,417,7.8
萤火虫之墓,418,7.8
查理布朗和史努比,419,7.9
战国鬼才传,420,7.8
轻音少女 第二季,421,7.7
黑塔利亚 第2期,422,7.7
灰羽联盟,423,7.8
南家三姐妹 我回来了,424,7.7
放浪男孩,425,7.8
偶像大师 剧场版 向着光辉的彼岸！,426,7.8
秀逗魔导士TRY,427,7.8
东之伊甸,428,7.7
金田一少年事件簿,429,7.8
心理测量者 新编集版,430,7.7
头脑特工队,431,7.8
伪物语,432,7.7
RWBY预告片,433,7.8
变形金刚G1,434,7.9
女仆咖啡厅,435,7.7
不可思议的教室,436,7.8
向阳素描×365,437,7.8
灌篮高手 全国制霸吧！樱木花道,438,7.8
阿凡提的故事,439,7.7
数码暴龙大冒险 我们的战争游戏,440,7.8
境界线上的地平线 第二季,441,7.7
玉响～毕业写真～,442,7.8
×××HOLiC・笼 徒梦,443,7.7
奔向地球,444,7.8
星界的战旗,445,7.8
探险活宝 第五季,446,8.1
银河英雄传说外传 螺旋迷宫,447,8.2
高智能方程式：SIN,448,7.8
名侦探柯南 贝克街的亡灵,449,7.7
恶魔阿萨谢尔在召唤你,450,7.7
向阳素描×365 特别篇,451,7.8
重启咲良田,452,7.7
彩虹小马：友情就是魔法,453,8.0
南方公园 第11季,454,8.0
鲁邦三世 ～名为峰不二子的女人～,455,7.7
向阳素描×☆☆☆,456,7.7
甲贺忍法帖,457,7.7
大~集合！小魔女DoReMi,458,8.0
游戏王5D's,459,7.7
末日时在做什么？有没有空？可以来拯救吗？,460,7.7
宇宙战舰大和号2199 第三章「无尽的航海」,461,7.9
飞跃巅峰！剧场版,462,7.8
最终幻想VII：降临之子,463,7.7
草莓棉花糖 OVA 第2期,464,7.7
飞跃巅峰2！剧场版,465,7.8
狼与香辛料 第二季,466,7.7
光之美少女全明星DX3 传达到未来！连结世界☆彩虹之花！,467,7.8
校园迷糊大王 一学期补习,468,7.7
第一神拳,469,8.0
探险活宝 第四季,470,8.1
天才嘉年华,471,7.7
剑风传奇 黄金时代篇I 霸王之卵,472,7.7
荒川爆笑团2,473,7.7
翼神传说,474,7.7
南家三姐妹,475,7.7
铁臂阿童木,476,7.7
猫怪麦克,477,8.0
幻想嘉年华,478,7.7
我的英雄学院 第二季,479,7.7
小蝌蚪找妈妈,480,7.7
南方公园 第13季,481,7.9
×××HOLiC 春梦记,482,7.7
银翼杀手：2022大断电,483,7.7
剧场版 精灵宝可梦：超梦的逆袭,484,7.7
伤物语I 铁血篇,485,7.7
间之楔,486,7.7
齐木楠雄的灾难,487,7.7
五星物语 剧场版,488,7.7
迷糊餐厅 第二季,489,7.7
北斗神拳,490,7.7
小魔女学园 魔法游行,491,7.7
DARLING in the FRANXX,492,7.7
魔法使光之美少女！,493,7.8
荒川爆笑团,494,7.7
小魔女学园,495,7.7
我的三体 罗辑传,496,7.9
哪吒闹海,497,7.7
探险活宝 第三季,498,8.0
樱桃小丸子,499,7.7
高智能方程式：ZERO,500,7.7
怪医黑杰克 OVA,501,7.8
宇宙战舰大和号2199 第五章「望乡的银河间空间」,502,7.8
真实之泪,503,7.7
青之文学,504,7.7
机动战士高达 剧场版III 相逢在宇宙,505,7.8
怪 ～ayakashi ～,506,7.7
萤火之森,507,7.7
蜡笔小新,508,7.7
DARKER THAN BLACK -黑之契约者- 外传,509,7.7
圣诞夜惊魂,510,7.8
只有我不存在的城市,511,7.7
探险活宝 第二季,512,7.9
南方公园 第12季,513,8.0
圣斗士星矢 冥王十二宫编,514,7.7
棋魂～通往北斗之路～,515,7.7
南方公园 第18季,516,7.8
他和她的故事,517,7.7
花园墙外,518,7.9
兽爪,520,7.7
机动战士Z高达 星之继承者,521,7.7
鼹鼠的故事,522,7.8
花田少年史,523,7.7
宇宙战舰大和号2199 第七章「战舰继续前进」,524,7.9
避难所,525,7.7
×××HOLiC 仲夏夜之梦,526,7.7
失落的宇宙,527,7.7
猫物语（黑）,528,7.7
高智能方程式：SAGA,529,7.7
Flip Flappers,530,7.6
请问您今天要来点兔子吗？？,531,7.6
少年正义联盟 第一季,532,7.9
向阳素描×☆☆☆ 特别篇,533,7.7
城市猎人,534,7.7
命运石之门 负荷领域的既视感,535,7.6
原罪的卡辛,536,7.7
摇曳百合♪♪,537,7.6
机动战士Z高达III 星星的鼓动就是爱,538,7.7
樱兰高校男公关部,539,7.6
科拉传奇 第一季：气和,540,7.7
无敌破坏王,541,7.7
银河英雄传说 我的征途是星辰大海,542,7.9
钻石王牌 第二季,543,7.7
海洋之歌,544,7.7
高智能方程式：Cyber Formula 11,545,7.7
欢乐树伙伴,546,7.7
CLANNAD 另一个世界 智代篇,547,7.6
头文字D,548,7.6
空中杀手,549,7.6
魁!!库洛马迪高校,550,7.7
第四届东方M-1漫才大赛,551,7.7
摸索吧！部活剧 再来一个,552,7.7
小魔女学园,553,7.6
小魔女DoReMi ♯,554,7.8
地球防卫少年,555,7.6
借东西的小人阿丽埃蒂,556,7.6
南方公园 第7季,557,7.9
精神分裂症,558,7.7
世界第一初恋2,559,7.6
On Your Mark,560,7.6
数码暴龙大冒险 滚球兽的诞生,561,7.6
血界战线 & BEYOND,562,7.6
壳中少女 燃烧,563,7.6
魔方大厦,564,7.6
壳中少女 压缩,565,7.6
福音战士新剧场版：Q,566,7.6
黑塔利亚 第4期,567,7.6
美妙旋律 Rainbow Live,568,7.9
超时空要塞7,569,7.7
宇宙战舰大和号2199 第六章「到达！大麦哲伦」,570,7.8
恶魔阿萨谢尔在召唤你Z,571,7.6
机动武斗传G高达,572,7.7
父与女,573,7.8
黑塔利亚 第3期,574,7.6
乱马1/2,575,7.6
机动警察 EARLY DAYS,576,7.7
向阳素描×SP,577,7.7
人形电脑天使心,578,7.6
读或死 OVA,579,7.6
甜甜私房猫 第二季,580,7.7
悠哉日常大王 OAD,581,7.6
花开伊吕波 HOME SWEET HOME,582,7.6
飞跃巅峰！飞跃巅峰2！合体剧场版,583,7.7
恋如雨止,584,7.6
魔法少女奈叶 The MOVIE 1st,585,7.6
阿尔卑斯山的少女,586,7.8
视线之外,587,7.7
夏目友人帐 曾几何时下雪之日,588,7.6
妄想学生会＊,589,7.6
蜡笔小新 呼风唤雨！战国大合战,590,7.7
鲁邦三世 第一期,591,7.8
祖先大人万万岁,592,7.8
高达创战者,593,7.6
道子与哈金,594,7.6
佛兰德斯的狗,595,7.9
平成狸合战,596,7.6
妖精的旋律,597,7.6
进击的巨人 第二季,598,7.6
第一神拳 New Challenger,599,7.8
现视研 OVA,600,7.6
犬夜叉,601,7.6
迷糊餐厅,602,7.6
逮捕令 OVA,603,7.8
名侦探柯南,604,7.6
妄想学生会 OAD,605,7.6
贤治之春,606,7.8
风人物语,607,7.7
NEW GAME!!,608,7.6
南方公园 第1季,609,7.7
空中秋千,610,7.6
终物语,611,7.6
第三届东方M-1漫才大赛,612,7.8
OTAKU的录像带,613,7.7
幻想万华镜 红雾异变之章,614,7.6
Fate/stay night [Unlimited Blade Works],615,7.6
机动战士高达0083 星尘的回忆,616,7.6
少女与战车,617,7.6
天才麻将少女,618,7.6
幻想万华镜 华鸟风月,619,7.6
银河铁道之夜,620,7.7
昭和元禄落语心中 OAD,621,7.6
传说巨神伊迪安,622,7.8
西蒙,623,7.7
机动战士高达 剧场版II 哀・战士,624,7.7
宇宙巡警露露子,625,7.6
和巴什尔跳华尔兹,626,7.9
南方公园 第3季,627,7.8
南方公园 第9季,628,7.9
红白黑黄 第二季,629,7.6
宇宙战舰大和号2199 第一章「踏上遥远的征途」,630,7.7
灌篮高手 咆哮吧篮球员的灵魂！！花道和流川的灼热夏季,631,7.7
咱们裸熊,632,7.6
功夫兔与菜包狗,633,7.7
特别车队,634,7.9
雪孩子,635,7.6
宇宙战舰大和号2199 第二章「死战太阳系」,636,7.7
第六届东方M-1漫才大赛,637,7.7
向阳素描,638,7.6
监狱兔 第二季,639,7.6
阿松,640,7.6
南方公园 第10季,641,7.8
日常 OAD,642,7.6
玩具总动员3,643,7.6
夜行神龙,644,7.9
妄想学生会 OVA,645,7.6
少年犯之七人,646,7.6
花开伊吕波,647,7.6
南方公园 第8季,648,7.8
我的青春恋爱物语果然有问题,649,7.6
Daicon4 开幕动画,650,7.7
坂道上的阿波罗,651,7.6
时光钟摆,652,7.8
钻石王牌,653,7.6
黑塔利亚,654,7.6
恶魔阿萨谢尔在召唤你,655,7.6
乐园追放 -Expelled From Paradise-,656,7.6
岩窟王,657,7.6
悠哉日常大王 Repeat OAD,658,7.6
圣斗士星矢,659,7.6
糖果男孩,660,7.6
海月姬,661,7.6
黑塔利亚 第5期,662,7.6
甜甜私房猫,663,7.6
科学超电磁炮,664,7.6
逮捕令,665,7.6
东方梦想夏乡,666,7.6
空之境界,667,7.6
蝙蝠侠：黑暗骑士归来（下）,668,7.8
黑衣警探,669,7.8
空之境界 第六章 忘却录音,670,7.6
水果篮子,671,7.6
茄子 安达鲁西亚之夏,672,7.6
美妙天堂 第二期,673,7.9
翼·年代记 东京默示录,674,7.6
金色的卡修,675,7.6
飞翔的魔女,676,7.6
编舟记,677,7.6
南方公园 第5季,678,7.8
卫宫家今天的饭,679,7.6
ZEGAPAIN,680,7.6
在这世界的角落,681,7.6
福星小子,682,7.7
大都会,683,7.6
亡念之扎姆德,684,7.6
机动战士高达 雷霆宙域,685,7.6
超时空要塞 ZERO,686,7.6
鲁邦三世 次元大介的墓标,687,7.6
玻璃假面,688,7.6
嘟嘟猫观察日记,689,7.6
岁月的童话,690,7.6
摇曳百合,691,7.5
凉宫春日酱的忧郁,692,7.5
向阳素描 特别篇,693,7.6
中华一番！,694,7.6
CLANNAD ～AFTER STORY～另一个世界 杏篇,695,7.6
迷糊餐厅 第三季,696,7.5
机动战士高达00,697,7.6
灌篮高手 剧场版,698,7.6
漆黒のシャガ THE ANIMATION,699,7.6
星之声,700,7.5
科拉传奇 第三季：易,701,7.7
南方公园剧场版,702,7.8
超元气三姐妹 增量中！,703,7.5
月光旅程 -Touch down-,704,7.6
南方公园 第4季,705,7.8
现视研 二代目,706,7.5
偶像大师 SideM 序章 -Episode of Jupiter-,707,7.6
偶像活动 第一年,708,7.6
犬夜叉 完结篇,709,7.5
妄想学生会＊ OAD,710,7.5
苍穹之法芙娜,711,7.6
言叶之庭,712,7.5
冰雪奇缘,713,7.5
南方公园 第2季,714,7.7
蝙蝠侠 黑暗骑士归来（上）,715,7.7
狼雨,716,7.6
男子高中生的日常 特典,717,7.6
新机动战记高达W 无尽的华尔兹 剧场版,718,7.6
哆啦A梦：新大雄与铁人兵团,719,7.6
天才嘉年华BEYOND,720,7.6
名侦探柯南 通往天国的倒数计时,721,7.5
恋爱情结,722,7.6
NO GAME NO LIFE,723,7.5
奇幻旅程,724,7.8
圣枪修女,726,7.5
落叶,727,7.6
我的邻居山田君,728,7.6
妄想学生会,729,7.5
闪电十一人GO,730,7.6
魔法使光之美少女 奇迹的变身！Cure Mofurun！,731,7.8
第七届东方M-1漫才大赛,732,7.6
亚人 -冲动-,733,7.5
苍之茧,734,7.6
海绵宝宝第一季,735,7.5
同级生,736,7.6
壳中少女 排气,737,7.5
龙珠改,738,7.6
我的英雄学院,739,7.5
忍者乱太郎 1期,740,7.6
笨蛋，测验，召唤兽2,741,7.5
宇宙战舰大和号,742,7.7
头文字D Final Stage,743,7.6
魔神英雄传,744,7.5
悲惨世界 少女柯塞特,745,7.7
监狱兔 第五季,746,7.5
龙的牙医,747,7.5
空之境界 终章 空之境界,748,7.5
空之境界 Remix,749,7.5
小魔女DoReMi,750,7.6
科学超电磁炮S,751,7.5
装甲骑兵 红肩队档案：野心的根源,752,7.8
剧场版 精灵宝可梦：水都的守护神 拉帝亚斯与拉帝欧斯,753,7.5
NEW GAME!,754,7.5
风筝,755,7.5
gdgd妖精s,756,7.6
枪神,757,7.5
小红帽恰恰,758,7.7
星之梦～星之人～,759,7.5
白熊咖啡馆,760,7.5
夏目友人帐 陆,761,7.5
钢之炼金术师 香巴拉的征服者,762,7.5
记录的地平线,763,7.5
摸索吧！部活剧 第三期,764,7.5
僵尸新娘,765,7.5
魔卡少女樱 香港之旅,766,7.5
监狱兔 第三季,767,7.5
我的英雄学院 第三季,768,7.6
月光旅程 -Lift off-,769,7.6
蜡笔小新 决一胜负！逆袭的机器人爸爸,770,7.6
黄金宝贝,771,7.6
鹬,772,7.6
双面骑士,773,7.6
哆啦A梦07剧场版：大雄的新魔界大冒险之7个魔法师,774,7.6
钢之炼金术师 PREMIUM COLLECTION,775,7.5
大雄与铁人兵团,776,7.6
奇诺之旅 塔之国 -自由创作-,777,7.5
驯龙高手,778,7.5
了不起的狐狸爸爸,779,7.8
三颗星彩色冒险,780,7.5
Angel Beats!,781,7.5
老人Z,782,7.5
不可思议的教室 OVA,783,7.7
银河英雄传说 Die Neue These 邂逅,784,7.6
猫屎一号,785,7.5
纸人,786,7.5
我在伊朗长大,787,7.6
南方公园 第6季,788,7.7
明日的娜嘉,789,7.6
美少女战士Sailor Stars,790,7.5
随风舞月影兰,791,7.6
怪鸭历险记,792,7.6
夏目友人帐 伍,793,7.5
棒球大联盟 第五季,794,7.7
Little Busters! ～Refrain～,795,7.5
哆啦A梦：伴我同行,796,7.5
阿拉蕾,797,7.5
跟班×服务,798,7.5
银河天使Z,799,7.7
危险调查员,800,7.7
精灵宝可梦 起源,801,7.5
机动战士Z高达II 恋人们,802,7.5
美妙天堂,803,7.6
起风了,804,7.5
咱们裸熊 第二季,805,7.6
玩偶游戏,806,7.6
超译百人一首 歌之恋,807,7.5
世界第一初恋 OAD,808,7.5
ReLIFE,809,7.5
人鱼之森,810,7.5
妄想学生会＊ OVA,811,7.5
头文字D Fourth Stage,812,7.5
此花绮谭,813,7.5
心灵链环,814,7.5
冬之蝉,815,7.5
再见绝望先生 Blu-ray BOX化纪念话,816,7.6
摇曳百合 3☆High!,817,7.5
翡翠森林狼与羊,818,7.5
森林好小子,819,7.6
光之美少女全明星DX 大家是朋友☆奇迹的全员大集合！,820,7.6
海贼王 强者世界,821,7.5
全金属狂潮 TSR OVA 战队长悠闲的一天,822,7.5
向山进发 回忆的礼物,823,7.6
猫的报恩,824,7.5
噬魂师,825,7.5
萌菌物语,826,7.5
凯尔斯的秘密,827,7.6
咕噜咕噜魔法阵 心跳传说,828,7.6
颠倒的帕特玛,829,7.5
尸鬼,830,7.5
机动战士高达 剧场版Ⅰ,831,7.5
天才麻将少女 全国篇,832,7.5
精灵宝可梦 太阳&月亮,833,7.5
灌篮高手 湘北最大的危机！燃烧吧樱木花道,834,7.5
恶童,835,7.5
奇诺之旅 活着的目标 -活下去。-,836,7.5
STAR DRIVER 闪亮的拓人,837,7.5
苍穹之法芙娜 HEAVEN AND EARTH,838,7.5
咕噜咕噜魔法阵,839,7.5
银魂.,840,7.5
打，打个大西瓜,841,7.5
Concrete Revolutio 超人幻想,842,7.5
为美好的世界献上祝福！ 第二季,843,7.5
火鸟,844,7.6
南方公园 第19季,845,7.6
女子落语,846,7.5
哈哈镜花缘,847,7.6
大魔法峠,848,7.5
世界第一初恋,849,7.5
第八届东方M-1漫才大赛,850,7.6
gdgd妖精s 第2季,851,7.5
为美好的世界献上祝福！,852,7.4
魔卡少女樱 CLEAR CARD篇,853,7.5
宇宙星路,854,7.5
信长协奏曲,855,7.5
侦探歌剧 少女福尔摩斯 第二幕,856,7.5
安倍桥魔法☆商店街,857,7.5
棒球大联盟 第六季,858,7.6
魔力女管家,859,7.5
三个火枪手,860,7.7
KERORO军曹,861,7.5
翼·年代记 春雷记,862,7.5
河童之夏,863,7.5
舒克和贝塔,864,7.5
大剑,865,7.5
我的青春恋爱物语果然有问题 续,866,7.4
魔神英雄传2,867,7.5
钢之炼金术师 四格剧场,868,7.5
第五届东方M-1漫才大赛,869,7.6
Concrete Revolutio 超人幻想 THE LAST SONG,870,7.5
暗杀教室 第二季,871,7.5
濑户的花嫁,872,7.5
Little Busters! EX,873,7.5
高智能方程式,874,7.5
咕噜咕噜魔法阵,875,7.5
剧场版 快要坏掉的八音盒,876,7.5
雇工人生,877,7.5
血界战线,878,7.4
头文字D Second Stage,879,7.5
女子落 OAD,880,7.5
最终兵器彼女,881,7.5
超元气三姐妹,882,7.4
英国恋物语艾玛,883,7.5
凸变英雄,884,7.5
飙速宅男,885,7.5
真魔神 突击！Z篇,886,7.5
我的女神 OVA,887,7.5
Smile 光之美少女！,888,7.5
奇诺之旅 疾病之国 -为了你-,889,7.5
TIGER & BUNNY -The Rising-,890,7.5
监狱学园,891,7.4
天空战记,892,7.5
第一届东方M-1漫才大赛,893,7.6
枪神 Badlands Rumble,894,7.5
来自风平浪静的明天,895,7.4
灰与幻想的格林姆迦尔,896,7.4
忍者杀手 特别编辑版,897,7.5
快要坏掉的八音盒,898,7.4
悲伤的贝拉多娜,899,7.5
光之美少女 Max Heart 雪空的朋友,900,7.6
红白黑黄,901,7.4
恐怖宠物店,902,7.5
玉响～more aggressive～,903,7.4
两人是光之美少女,904,7.5
恶魔阿萨谢尔在召唤你 路西法篇,905,7.4
王者天下 第二季,906,7.5
海贼王 强者世界 前传,907,7.5
精灵宝可梦 超世代,908,7.5
剧场版 精灵宝可梦：梦幻的精灵宝可梦 洛奇亚爆诞,909,7.5
BLAME!,910,7.5
乐高蝙蝠侠大电影,911,7.6
魔神坛斗士,912,7.5
剧场版 希德尼娅的骑士,913,7.5
西游记,914,7.4
少女与战车 这次是真正的安齐奥战！,915,7.4
云之彼端，约定的地方,916,7.4
妖精的尾巴,917,7.4
意外的幸运签,918,7.4
圣哥传 OAD,919,7.4
京骚戏画,920,7.4
美少女战士S,921,7.5
平衡,922,7.5
齐木楠雄的灾难 第二季,923,7.4
新机动战记高达W 无尽的华尔兹,924,7.5
麦兜故事,925,7.5
Yes! 光之美少女5 镜之国的奇迹大冒险!,926,7.5
旋风管家,927,7.4
东方PVD,928,7.5
素描本,929,7.5
大~集合！小魔女DoReMi 青蛙石的秘密,930,7.6
校园迷糊大王 三学期,931,7.4
出包王女Darkness OAD,932,7.4
南家三姐妹 久候多时,933,7.4
幻影死神,934,7.5
装甲骑兵 佩鲁森档案,935,7.5
超时空要塞Frontier,936,7.4
星界的断章 诞生,937,7.6
Fresh 光之美少女！,938,7.5
调酒师,939,7.4
圣战士登拜因,940,7.6
魔法少女奈叶,941,7.4
幻想万华镜 泡沫、哀伤的桃源,942,7.5
大雄的日本诞生,943,7.5
魔力女管家～更美丽的事物～,944,7.4
交响情人梦 OAD,945,7.4
大铁人 地球静止之日,946,7.6
怪医黑杰克,947,7.5
棒球大联盟 第一季,948,7.5
网球优等生 第二季,949,7.5
人间失格 剧场版,950,7.5
大雄的天方夜譚,951,7.5
鲁邦三世 血烟的石川五右卫门,952,7.5
只有神知道的世界 女神篇,953,7.4
宣告黎明的露之歌,954,7.4
精灵宝可梦XY,955,7.4
最游记RELOAD 埋葬篇,956,7.5
机动战士高达 雷霆宙域 DECEMBER SKY,957,7.5
棒球大联盟 第二季,958,7.5
东京地震8.0,959,7.4
DARKER THAN BLACK -流星的双子-,960,7.4
魍魉之匣,961,7.4
鬼妈妈,962,7.5
Princess Principal,963,7.4
超能勇士,964,7.4
アクマノオシゴト,965,7.5
迷你偶像 2期,966,7.4
大雄与梦幻三剑士,967,7.5
青之花,968,7.4
战勇。第2期,969,7.4
和殿下一起～眼罩之野心～,970,7.4
无头骑士异闻录×2 承,971,7.4
HELLO 黄金拼图,972,7.4
忍者杀手,973,7.4
魔法少女奈叶StrikerS,974,7.4
龙与虎 OVA 便当的精髓,975,7.4
第二届东方M-1漫才大赛,976,7.5
舞-HiME,977,7.4
玉响,978,7.4
ID-0,979,7.4
花物语,980,7.4
库拉乌 幻之记忆,981,7.4
鸦 -KARAS-,982,7.4
亚人,983,7.4
烤焦面包,984,7.5
玉响～hitotose～,985,7.4
未来日记,986,7.4
吸血姬美夕,987,7.4
机动警察 十三号废弃物,988,7.4
伊里野的天空、UFO的夏天,989,7.4
死亡代理人,990,7.4
乱马1/2 热斗篇,991,7.4
玩具总动员,992,7.4
南家三姐妹 饭后甜点,993,7.4
机器人嘉年华,994,7.5
星之梦,995,7.4
黑猫警长,996,7.4
第一神拳 Rising,997,7.5
苍蓝钢铁的琶音 Cadenza,998,7.4
装甲骑兵 最后的红肩队,999,7.5
东京糖衣巧克力,1000,7.4
怪盗Joker2,1001,7.5
鲁邦三世 意大利游戏,1002,7.5
邻座的怪同学,1003,7.4
凭物语,1004,7.4
美少女战士,1005,7.4
东方PVD2,1006,7.5
剧场版 妄想学生会,1007,7.4
攻壳机动队 塔奇克马的日常,1008,7.4
火球 魅力之章,1009,7.4
棒球大联盟 第四季,1010,7.5
美少女战士SuperS,1011,7.4
终极蜘蛛侠 第一季,1012,7.5
出包王女Darkness,1013,7.4
棒球大联盟 第三季,1014,7.5
机动战士高达00 第二季,1015,7.4
黄金神威,1016,7.5
伊克西翁传说DT,1017,7.4
元气少女缘结神 过去篇,1018,7.4
旋转少女,1019,7.4
剧场版∀高达II 月光蝶,1020,7.4
哆啦A梦 大雄的猫狗时空传,1021,7.4
代号17,1022,7.5
剧场版 吹响！悠风号～欢迎来到北宇治高中吹奏乐部～,1023,7.4
向山进发 第二季,1024,7.4
游戏王,1025,7.4
超时空要塞 Dynamite 7,1026,7.4
邋遢大王奇遇记,1027,7.4
BLOOD 最后的吸血鬼,1028,7.4
哆啦A梦：大雄的恐龙 2006,1029,7.4
南家三姐妹 夏日假期,1030,7.4
麦兜菠萝油王子,1031,7.5
WORDS WORTH,1032,7.4
黄金拼图,1033,7.4
银河天使,1034,7.4
濑户的花嫁 OVA,1035,7.4
鬼灯的冷彻,1036,7.4
纯情罗曼史,1037,7.4
大雄的创世日记,1038,7.4
十二生肖守护神,1039,7.4
美少女战士R,1040,7.4
银河天使A,1041,7.5
旋风管家 第二季,1042,7.4
犬夜叉 穿越时空的思念,1043,7.4
夜勤病栋,1045,7.4
回忆中的玛妮,1046,7.4
钢铁神兵B'T-X,1047,7.4
钓球,1048,7.4
暴力宇宙海贼,1049,7.4
花与爱丽丝杀人事件,1050,7.4
英国恋物语艾玛 第二幕,1051,7.4
迷糊女战士,1052,7.4
通灵王,1053,7.4
请问您今天要来点兔子吗？,1054,7.4
夏之岚～春夏冬中～,1055,7.4
巴加的工作室,1056,7.4
兽兵卫忍风帖,1057,7.4
地狱少女 二笼,1058,7.4
我的青春恋爱物语果然有问题 续 OVA,1059,7.4
守望先锋：最后的堡垒,1060,7.4
宵星传说～首鸣～,1061,7.4
UN-GO episode: 0 因果论,1062,7.4
爷爷的煤油灯,1063,7.4
科学小飞侠Crowds,1064,7.4
兰戈,1065,7.4
笨蛋，测验，召唤兽,1066,7.4
守护者联盟,1067,7.4
海贼王 FILM Z,1068,7.4
废弃公主,1069,7.4
幻想嘉年华 Special Season,1070,7.4
恋爱研究所,1071,7.4
Yes! 光之美少女5 GO GO! 糖果王国的快乐生日,1072,7.4
游戏王 The Dark Side of Dimensions,1073,7.4
雨之城,1074,7.4
下一站巨星,1075,7.4
大雄与云之王国,1076,7.4
秦时明月之诸子百家,1077,7.4
海贼王 绽放在寒冬的奇迹樱花,1078,7.4
大雄的魔界大冒险,1079,7.4
内衣办公室,1080,7.4
逮捕令 第二季,1081,7.4
我们这一家,1083,7.4
吸血姬美夕 OVA,1084,7.4
只有神知道的世界II,1085,7.3
新机动战记高达W,1086,7.4
Re：从零开始的异世界生活,1087,7.3
樱花庄的宠物女孩,1088,7.3
魔法使的新娘,1089,7.3
超能陆战队,1090,7.4
名侦探柯南 迷宫的十字路口,1091,7.3
ReLIFE 完结篇,1092,7.4
女神异闻录4,1093,7.3
天地无用! 魉皇鬼,1094,7.4
AIURA,1095,7.4
sola,1096,7.3
宝石宠物 Sunshine,1097,7.5
某个旅人的日记,1098,7.4
亲吻那片花瓣 「恋人的羁绊」,1099,7.3
火球,1100,7.4
红领巾侠,1101,7.4
境界线上的地平线,1102,7.3
圣斗士星矢 THE LOST CANVAS 冥王神话 第2章,1103,7.4
头文字D Third Stage,1104,7.4
黑暗圣经,1105,7.3
美少女战士R 花朵的约定,1106,7.5
食戟之灵,1107,7.3
Fate/stay night [Unlimited Blade Works] 第二季,1108,7.3
樱桃小丸子,1109,7.4
正义联盟：闪点悖论,1110,7.4
笨笨森林日志,1112,7.4
双恋 Alternative,1113,7.3
银魂. 走光篇,1114,7.4
东之伊甸 剧场版I The King of Eden,1115,7.3
机动战士高达SEED HD重制版,1116,7.3
死或生VS最终幻想,1117,7.4
橙路,1118,7.4
机动战士高达SEED,1119,7.3
天书奇谭,1120,7.4
精灵宝可梦：世代,1121,7.4
海贼王 梅利特别篇 另一位伙伴的故事,1122,7.4
剧场版 精灵宝可梦超世代：梦幻与波导的勇者 路卡利欧,1123,7.3
幻灵镇魂曲,1124,7.3
Candy☆Boy,1125,7.4
你所期望的永远,1126,7.3
天元突破 Parallel Works,1127,7.4
飙速宅男 GRANDE ROAD,1128,7.3
逆转监督,1129,7.3
TARI TARI,1130,7.3
Front Innocent,1131,7.3
浪客剑心 星霜篇,1132,7.3
偶像大师 灰姑娘女孩 第2期,1133,7.3
IDOLiSH7,1134,7.4
Hybrid Child,1135,7.3
暴力宇宙海贼 剧场版 亚空的深渊,1136,7.3
茄子 带着旅行箱的候鸟,1137,7.4
圣斗士星矢 THE LOST CANVAS 冥王神话,1138,7.3
暖心日记,1139,7.4
侵略！乌贼娘,1140,7.3
摇曳百合 夏日时光！,1141,7.3
玛利亚狂热,1142,7.3
巴哈姆特之怒 GENESIS,1143,7.3
数码暴龙04无限地带,1144,7.3
六翼天使之声,1145,7.4
间之楔,1146,7.3
人生Best Ten,1147,7.3
天使特警,1148,7.4
奇诺之旅,1149,7.3
家庭教师HITMAN REBORN!,1150,7.3
打工吧！魔王大人,1151,7.3
JOJO的奇妙冒险,1152,7.3
到另一个你的身边去,1153,7.3
我要上太空,1154,7.4
鬼平,1155,7.3
骷髅13,1156,7.4
Smile 光之美少女！绘本里的世界都不协调！,1157,7.4
长发公主,1158,7.3
罗德斯岛战记-英雄骑士传-,1159,7.3
鬼灯的冷彻 OAD,1160,7.3
电影少女,1161,7.3
火影忍者 剧场版 博人传,1162,7.3
兽之奏者艾琳,1163,7.3
我的女神 剧场版,1164,7.3
枪心剑刃,1165,7.3
铁腕巴迪 DECODE 第二季,1166,7.3
侦探歌剧 少女福尔摩斯 ～逆袭的少女福尔摩斯～,1167,7.4
FLAG,1168,7.3
超扯童话血多,1169,7.4
蔷薇少女 梦之终结,1170,7.3
剧场版 银河机攻队Majestic Prince 觉醒的基因,1171,7.4
蔷薇少女,1172,7.3
超时空要塞7 银河在呼唤我,1173,7.3
圣哥传,1174,7.3
幻想万华镜 月于丛云花于风,1175,7.3
妖怪手表,1176,7.3
精灵宝可梦 钻石&珍珠,1177,7.3
天才麻将少女 阿知贺篇,1178,7.3
Da!Da!Da!,1179,7.4
强袭魔女 剧场版,1180,7.3
狼雨 OVA,1181,7.3
曙光Q,1182,7.4
穷神,1183,7.3
幻想嘉年华 EX Season,1184,7.3
摸索吧！部活剧,1185,7.3
食戟之灵 贰之皿,1186,7.3
犬夜叉 天下霸道之剑,1187,7.3
蝙蝠侠 (1992),1188,7.4
怪兽电力公司,1189,7.3
天元突破グレンラガン キラメキ☆ヨーコbox ～pieces of sweet stars～,1190,7.4
蒸汽男孩,1191,7.3
GA 艺术科美术设计班 OVA,1192,7.3
这个美术社大有问题！,1193,7.3
Yes! 光之美少女5 GO GO!,1194,7.3
冰菓 应该持有之物,1195,7.3
未来都市NO.6,1196,7.3
怪物家族,1197,7.3
今天的五年二班 OVA,1198,7.3
卑鄙的我,1199,7.3
中二病也要谈恋爱！,1200,7.3
战勇。,1201,7.3
小林家的龙女仆,1202,7.3
光之美少女全明星DX2 希望之光☆守护彩虹宝石!,1203,7.3
头文字D Fifth Stage,1204,7.3
短暂和平,1205,7.3
现视研 二代目 OAD,1206,7.3
次元舰队,1207,7.3
读或死 TV,1208,7.3
分身战士,1209,7.3
ACCA13区监察课,1210,7.3
大雄与白金迷宫,1211,7.3
复苏的天空 -救援之翼-,1212,7.4
笨蛋，测验，召唤兽 ～祭～,1213,7.3
青之驱魔师,1214,7.3
剧场版 心理测量者,1216,7.3
和殿下一起 1分钟剧场,1217,7.3
摇曳百合 夏日时光！+,1218,7.3
火影忍者,1219,7.3
传说巨神伊迪安 接触篇,1220,7.4
人鱼之伤,1221,7.4
横滨购物纪行,1222,7.3
军火女王,1223,7.3
秀逗魔导士SPECIAL,1224,7.3
至爱梵高,1225,7.3
暴力云与送子鹳,1226,7.3
新撰组异闻录-铁,1227,7.3
校园乌托邦 学美向前冲！,1228,7.3
驱魔少年,1229,7.3
超时空要塞 Flash Back 2012,1230,7.3
七大罪,1231,7.3
剧场版 精灵宝可梦超世代：七夜的许愿星 基拉祈,1232,7.3
RWBY Volume 1-3: The Beginning,1233,7.3
滑头鬼之孙～千年魔京～,1234,7.3
大雄的南海大冒险,1235,7.3
.hack//Quantum,1236,7.3
百变之星 崭新之翼 EXTRA STAGE 不笑的公主,1237,7.3
结城友奈是勇者 -鹫尾须美之章- 第3章 约定,1238,7.3
Re: 甜心战士,1239,7.3
铁马少年,1240,7.3
神偷卡门,1241,7.3
地狱少女,1242,7.3
路人女主的养成方法,1243,7.3
Go! Princess 光之美少女：Go!Go!!豪华三合一!!!,1244,7.3
幻想万华镜 花之异变之章,1245,7.3
学生会的一己之见,1246,7.3
灰色的乐园,1247,7.3
我的女神 缤纷之翼,1248,7.3
舞动青春,1249,7.3
奇幻贵公子,1250,7.3
海贼王 奈美特别篇 领航员之泪与伙伴的羁绊,1251,7.3
魔法少女小圆 新作概念视频,1252,7.3
世界第一初恋 情人节篇,1253,7.3
蜡笔小新 呼风唤雨！夕阳下的春日部男孩,1254,7.3
月神,1255,7.3
桧曾根与玛索丹,1256,7.3
秀逗魔导士EXCELLENT,1257,7.3
GA 艺术科美术设计班,1258,7.3
大雄与动物行星,1259,7.3
聪明的一休,1260,7.3
百合星人奈绪子 OVA,1261,7.3
银魂. 银之魂篇,1262,7.3
豹头王传说,1263,7.3
翼神传说 多元变奏曲,1264,7.3
美食总动员,1265,7.3
足球小将,1266,7.3
艳母,1267,7.3
精灵宝可梦XY&Z,1268,7.3
强袭魔女 第二季,1269,7.3
蔷薇少女 序曲,1270,7.3
只有神知道的世界,1271,7.3
神是中学生,1272,7.3
空之色，水之色,1273,7.3
幻想曲,1274,7.3
我的女神,1275,7.3
灼眼的夏娜,1276,7.3
银河天使X,1277,7.3
南家三姐妹 欢迎回来,1278,7.3
名侦探柯南 瞳孔中的暗杀者,1279,7.3
小小雪精灵,1280,7.3
图书馆战争 革命之翼,1281,7.3
魔法少女奈叶 Reflection,1282,7.3
竹刀少女,1283,7.3
野良神 ARAGOTO,1284,7.3
返乡战士,1285,7.3
爆炸头武士,1286,7.3
偶像大师 SideM,1287,7.3
传颂之物,1288,7.3
和我一起来画吧,1289,7.3
信长的忍者,1290,7.3
海豚便利店,1291,7.3
夏之岚,1292,7.3
葫芦兄弟第二部,1293,7.3
H2 好逑双物语,1294,7.3
少年科学俱乐部,1295,7.3
名侦探柯南 世纪末的魔术师,1296,7.3
科学小飞侠Crowds insight,1297,7.3
绝爱,1298,7.3
星舰驾驶员,1299,7.3
三眼神童,1300,7.3
恋爱暴君,1301,7.3
柯赛特的肖像,1302,7.2
剧场版∀高达I 地球光,1303,7.3
鸭子生活,1304,7.3
亚人 -冲突-,1305,7.3
我的妹妹哪有这么可爱！,1306,7.2
乐高大电影,1307,7.3
CLAMP仙境,1308,7.3
超级无敌掌门狗之世纪大骗兔,1309,7.3
花丸幼稚园,1310,7.2
天堂餐馆,1311,7.3
剧场版 超时空要塞F 恋离飞翼,1312,7.2
四驱兄弟WGP,1313,7.3
甜甜私房猫 OAD,1314,7.3
黑美 动画制作进行,1315,7.3
大雄与龙之骑士,1316,7.3
大雄的大魔境,1317,7.3
寒蝉鸣泣之时 礼,1318,7.2
魔女猎人罗宾,1319,7.3
军火女王 PERFECT ORDER,1320,7.3
宇宙战舰大和号2199 星巡的方舟,1321,7.3
我叫MT 第一季,1322,7.2
无头骑士异闻录×2 转,1323,7.2
青之6号,1324,7.3
颠倒的帕特玛 初始之日,1325,7.3
超级无敌掌门狗：月球野餐记,1326,7.3
机动战士高达 MS IGLOO 默示录0079,1327,7.3
名侦探柯南 引爆摩天楼,1328,7.2
我的青春恋爱物语果然有问题 OVA,1329,7.2
BLOOD+,1330,7.2
十字路口,1331,7.2
迷宫物语,1332,7.3
京骚戏画,1333,7.2
秀逗魔导士PREMIUM,1334,7.3
鬼牌游戏,1335,7.2
鬼公子炎魔,1336,7.3
错误404：你所寻找的动画不存在,1337,7.3
冰上的尤里,1338,7.2
Fate/Prototype,1339,7.2
偶像活动Stars,1340,7.3
秀逗魔导士GORGEOUS,1341,7.3
机动战士高达独角兽 RE:0096,1342,7.2
哆啦A梦 大雄与风之使者,1343,7.2
铁臂阿童木,1344,7.2
.hack//世界的彼方,1345,7.2
美少女战士S 竹取公主的恋人,1346,7.3
机魂末世录,1347,7.2
千子,1348,7.2
歌唱秀,1349,7.2
爱丽丝梦游仙境,1350,7.3
FREEDOM,1351,7.3
夜樱四重奏 花之歌,1352,7.2
漂流武士,1353,7.2
大雄和发条都市,1354,7.2
黑子的篮球,1355,7.2
秦时明月之夜尽天明,1356,7.2
天使的小生意气,1357,7.2
沉默的未知,1358,7.2
变相怪杰,1359,7.3
风灵玉秀,1360,7.3
绿林寮,1361,7.3
玉响～more aggressive～ OVA,1362,7.2
某人的目光,1363,7.2
东之伊甸 剧场版II Paradise Lost,1364,7.2
我们的存在,1365,7.2
初夜,1366,7.2
哆啦A梦 大雄的恐龙,1367,7.2
魔法使的新娘 等待繁星之人,1368,7.2
铁臂阿童木,1369,7.2
Fate/stay night,1370,7.2
无头骑士异闻录×2 结,1371,7.2
樱花大战 轰华绚烂,1372,7.2
我家也有外星人,1373,7.2
NOIR,1374,7.2
骑乘挑战,1375,7.2
电波系彼女,1376,7.2
银魂剧场版 白夜叉降诞 预告,1377,7.2
哆啦A梦 新‧大雄的宇宙开拓史,1378,7.2
UN-GO,1379,7.2
死亡台球,1380,7.2
科拉传奇 第二季：神灵,1381,7.2
无颜之月,1382,7.2
光速蒙面侠21,1383,7.2
超自然9人组,1384,7.2
信长的忍者 伊势·金崎篇,1385,7.2
暗杀教室,1386,7.2
轻声密语,1387,7.2
雷顿教授与永远的歌姬,1388,7.2
怪物之子,1389,7.2
机动警察迷你版,1390,7.2
仓鼠管家,1391,7.2
偶像活动 第二年,1392,7.2
信蜂 ～光与蓝的幻想夜话～,1393,7.2
小鹿斑比,1394,7.2
炎之蜃气楼～水际的反逆者～,1395,7.2
和殿下一起,1396,7.2
一周的朋友。,1397,7.2
大雄的秘密道具博物館,1398,7.2
四月是你的谎言 OAD,1399,7.2
死亡游行,1400,7.2
她和她的猫,1401,7.2
Just Because!,1402,7.2
皇家国教骑士团外传：THE DAWN,1403,7.2
罗马浴场,1404,7.2
光之美少女全明星 New Stage3 永远的朋友,1405,7.2
科学超电磁炮 OVA,1406,7.2
美女与野兽,1407,7.2
哆啦A梦：大雄的宇宙漂流记,1408,7.2
三叶草,1409,7.2
寻宝的暑假,1410,7.2
大雄与银河超特急,1411,7.2
擅长捉弄的高木同学,1412,7.2
+模型姐妹,1413,7.2
机动战士高达 第08MS小队 三次元的战斗,1414,7.2
七武士,1415,7.2
声之形,1416,7.2
银河英雄传说 黄金之翼,1417,7.2
迷你偶像,1418,7.2
魔法少女☆伊莉雅 2wei Herz!,1419,7.2
数码暴龙X进化 第十三号的皇家骑士,1420,7.2
Fate/Zero Remix,1421,7.2
幻想万华镜 永夜异变之章,1422,7.2
天地无用!,1423,7.2
GOSICK,1424,7.2
宇宙战舰大和号2202 爱的战士们 第一章,1425,7.2
大江户火箭,1426,7.2
魔法少女姐妹优优与宁宁,1427,7.2
幼女战记,1428,7.2
火影忍者疾风传,1429,7.2
玛利亚狂热 ALIVE,1430,7.2
最游记外传,1431,7.2
三个和尚,1432,7.2
X战记,1433,7.2
宝莲灯,1434,7.2
魔动王,1435,7.2
纯情罗曼史 OAD,1436,7.2
花仙子,1437,7.2
猫眼女枪手,1438,7.2
彼女×彼女×彼女 ～和三姐妹心跳的共同生活～,1439,7.2
八犬传-东方八犬异闻- 第二季,1440,7.2
龙珠Z 复活！悟空与贝吉塔的合体,1441,7.2
恶魔阿萨谢尔在召唤你 海葵篇,1442,7.2
文子的告白,1443,7.2
阿茹茉妮,1444,7.2
水脑袋,1445,7.2
妖精的尾巴 第二季,1446,7.2
秀逗魔导士 剧场版,1447,7.2
魔力女管家特别篇 我回来了◆欢迎回来,1448,7.2
无头骑士异闻录×2 承 我的心是火锅的形状,1449,7.2
功夫料理娘,1450,7.2
爱你宝贝,1451,7.2
机动战士高达MS IGLOO 一年战争秘录,1452,7.2
记录的地平线 第二季,1453,7.2
精灵世纪,1454,7.2
破刃之剑 第四章 惨祸之地,1455,7.2
海贼王 沙漠的王女与海贼们,1456,7.2
海贼王 祭典男爵与神秘岛,1457,7.2
逮捕令 剧场版 墨东署最大危机,1458,7.2
天使之卵,1459,7.2
爆炸头武士 剧场版,1460,7.2
白色相簿2,1461,7.2
小美人鱼,1462,7.2
樱花大战 樱华绚烂,1463,7.2
侵略！？乌贼娘,1464,7.2
最终兵器彼女 Another love song,1465,7.2
龙珠Z 一夫当关的最后决战~挑战弗利萨的Z战士 孙悟空的父亲~,1466,7.2
阿拉蕾,1467,7.2
女神异闻录3 剧场版 第四章 重生之冬,1468,7.2
夜樱四重奏 月之泣,1469,7.2
钻石王牌 OAD,1470,7.2
牙狼〈GARO〉-DIVINE FLAME-,1471,7.2
监狱兔 前传,1472,7.2
我们的仙境～Heartful days,1473,7.2
闪灵二人组,1474,7.2
爱丽丝学园,1475,7.2
饿沙罗鬼,1476,7.2
91天,1477,7.2
家有贱狗,1478,7.2
海洋奇缘,1479,7.2
冰川时代,1480,7.2
蜡笔小新 呼风唤雨！光荣的烤肉之路,1481,7.2
偶像大师 闪耀祭典,1482,7.2
剧场版 超时空要塞F 虚空歌姬,1483,7.2
人鱼之森,1484,7.2
迷失之物,1485,7.2
无责任舰长,1486,7.2
机械女神J,1487,7.2
天空之艾斯嘉科尼,1488,7.2
犬夜叉 镜中的梦幻城,1489,7.2
四驱兄弟,1490,7.2
上海蝙蝠侠,1491,7.2
丁丁历险记第一季,1492,7.2
为美好的世界献上祝福！ OAD,1493,7.2
百日红,1494,7.2
我的女神 战斗之翼,1495,7.2
悬崖上的金鱼姬,1496,7.2
光之美少女 Splash Star 滴答危机一发,1497,7.2
摩登原始人,1498,7.2
牙狼 VANISHING LINE,1499,7.2
天降之物f,1500,7.2
魔法少女☆伊莉雅 2wei!,1501,7.2
怪盗Joker,1502,7.2
出包王女Darkness 2nd,1503,7.2
Code Geass 反叛的鲁路修 暗黑的背叛,1504,7.2
超魔神英雄传,1505,7.2
中二病也要谈恋爱！Lite,1506,7.2
ストリンジェンド～エンジェルたちのプライベートレッスン～MY BLOW JOBER,1507,7.2
鸭子侦探,1508,7.2
黑执事 幽鬼城杀人事件篇,1509,7.2
龙珠改 魔人布欧篇,1510,7.2
新子与千年魔法,1511,7.2
古城荆棘王,1512,7.2
横滨购物纪行 -Quiet Country Cafe-,1513,7.2
黑执事 马戏团篇,1514,7.2
盛宴,1515,7.1
Code Geass 反叛的鲁路修R2 零之镇魂曲,1516,7.2
守望先锋：双龙,1517,7.2
剧场版 我们仍未知道那天所看见的花的名字。,1518,7.2
Love Live! 第二季,1519,7.2
野良神,1520,7.2
元气少女缘结神◎,1521,7.2
图书馆战争,1522,7.2
怪兽大学,1523,7.2
秀逗魔导士GREAT,1524,7.1
剧场版 精灵宝可梦DP：帝牙卢卡VS帕路奇犽VS达克莱伊,1525,7.2
凹凸世界,1526,7.2
海底总动员,1527,7.2
神薙,1528,7.2
写真馆,1529,7.1
To Heart,1530,7.1
给桃子的信,1531,7.2
最终幻想15 王者之剑,1532,7.2
幻镜诺德琳,1533,7.1
我的英雄学院 OAD,1534,7.1
大雄的宇宙小战争,1535,7.1
路人女主的养成方法 ♭,1536,7.2
漂流武士 OAD,1537,7.2
胡子小鸡,1538,7.2
欢迎来到宇宙SHOW,1539,7.1
纯情房东俏房客,1540,7.2
翠星之加尔刚蒂亚,1541,7.2
次强音,1542,7.2
六神合体雷霆王,1543,7.1
啄木鸟伍迪,1544,7.1
龙珠Z・绝望的反抗!!残留的超战士・悟饭和特兰克斯,1545,7.1
反斗小王子,1546,7.1
伪恋,1547,7.2
放学后的昴星团,1548,7.2
勿忘蛛,1549,7.2
十兵卫 心形眼罩的秘密,1550,7.1
白色相簿 下半编章,1551,7.2
Love Live! 剧场版,1552,7.2
疯狂原始人,1553,7.2
灰色的迷宫,1554,7.2
血界战线 王者餐厅的王者,1555,7.1
日式面包王,1556,7.1
龙珠Z 两人的危机,1557,7.1
十二生肖,1558,7.1
三只眼,1559,7.1
狗/子弹&屠杀,1560,7.1
游戏王－怪兽之决斗GX,1561,7.1
魔神凯撒,1562,7.1
足球小将GOAL!,1563,7.1
结界师,1564,7.1
萌菌物语 Returns,1565,7.2
哆啦A梦：大雄的太阳王传说,1566,7.1
茗记,1567,7.1
上课小动作,1568,7.2
两个人是光之美少女Max Heart,1569,7.1
少女与战车 爱里寿战争！,1570,7.2
破刃之剑 第二章 诀别之路,1571,7.2
小倩,1572,7.1
网球少女 3期,1573,7.1
南瓜剪刀,1574,7.1
京骚戏画,1575,7.1
恶魔人 妖鸟死丽濡篇,1576,7.1
亚人 -冲戟-,1577,7.1
楚楚可怜超能少女组,1578,7.1
玩具总动员2,1579,7.1
波蕾特的椅子,1580,7.1
侵略！！乌贼娘 OAD,1581,7.1
小公主优希,1582,7.1
蓝雨伞,1583,7.1
狮子王 1½,1584,7.1
哆啦A梦 新·大雄的大魔境-贝可与5人探险队-,1585,7.1
机器人少女Z,1586,7.1
东京残响,1587,7.1
苹果核战记,1588,7.1
我叫MT 第五季,1589,7.1
天方魔谭MAGI 第二季,1590,7.1
破刃之剑 第三章 凶刃之痕,1591,7.1
强袭魔女 胜利之箭行动,1592,7.1
秦时明月之万里长城,1593,7.1
来自虞美人之坡,1594,7.1
永久家族,1595,7.1
银魂 JUMP动画巡回展 2014,1596,7.1
更多 出包王女,1597,7.1
我叫MT 第四季,1598,7.1
星蝶公主 第一季,1599,7.1
心灵想要大声呼喊。,1600,7.1
Happiness Charge 光之美少女！人偶之国的芭蕾舞者,1601,7.1
超剧场版 Keroro军曹 诞生！究极Keroro奇迹的时空之岛！！,1602,7.1
科拉传奇 第四季：平衡,1603,7.1
魔法老师！～另一个世界～,1604,7.1
黑兽,1605,7.1
光之美少女 Splash Star,1606,7.1
白色相簿,1607,7.1
异国迷宫的十字路口,1608,7.1
银河铁道之夜,1609,7.1
魔卡少女樱 知世的活跃日记,1610,7.1
没头脑和不高兴,1611,7.1
机动战士高达0083 吉恩的残光,1612,7.1
风与木之诗,1613,7.1
哆啦A梦 大雄与翼之勇者,1614,7.1
钢琴之森,1615,7.1
圣诞之吻SS+ plus,1616,7.1
京极夏彦 巷说百物语,1617,7.1
侦探歌剧 少女福尔摩斯 派对之夜,1618,7.1
秀逗魔导士RETURN,1619,7.1
徒然Children,1620,7.1
赤发白雪姬 第二季,1621,7.1
超青春姐弟s,1622,7.1
卑鄙的我2,1623,7.1
死亡笔记特别篇 幻觉之神,1624,7.1
哆啦A梦 大雄的宇宙开拓史,1625,7.1
南家三姐妹 再来一碗,1626,7.1
闪电十一人GO 时空之石,1627,7.0
人鱼又上钩,1628,7.1
鬼灯的冷彻 第二季,1629,7.1
钢铁神兵B'T-X NEO,1630,7.1
Yes! 光之美少女5,1631,7.1
百兽王,1632,7.1
里约大冒险,1633,7.1
天降之物,1634,7.1
无头骑士异闻录×2 转 恋爱故事铿铿铿,1635,7.1
魔法骑士,1636,7.1
名侦探柯南 Episode“ONE” 变小的名侦探,1637,7.1
大雄与机器人王国,1638,7.1
水夏,1639,7.1
悠悠式 OVA,1640,7.1
铁腕巴迪,1641,7.1
我是小甜甜,1642,7.1
天元突破 Parallel Works 2,1643,7.1
吸血鬼猎人D,1644,7.1
苍蓝钢铁的琶音,1645,7.1
排球少年 列夫参上,1646,7.1
恋风,1647,7.1
最游记RELOAD,1648,7.1
排球少年 VS“不及格”,1649,7.1
铁腕巴迪 DECODE OVA,1650,7.1
神无月的巫女,1651,7.1
死后文,1652,7.1
包在小可身上,1653,7.1
A频道 来吃火锅吧,1654,7.1
机械女警,1655,7.1
Q弟侦探因幡,1656,7.1
TIGER & BUNNY -The Beginning-,1657,7.1
西游记之大圣归来,1658,7.1
海贼王 死亡尽头的冒险,1659,7.1
一人之下 第二季,1660,7.1
强袭魔女,1661,7.1
飞轮少年 黑翼与沉睡森林 -Break on the sky-,1662,7.1
组曲光之美少女♪,1663,7.1
白雪公主和七个小矮人,1664,7.1
对某飞行员的追忆,1665,7.1
犬夜叉 红莲之蓬莱岛,1666,7.1
阴阳大战记,1667,7.1
食戟之灵 餐之皿 远月列车篇,1668,7.1
机动战士高达 雷霆宙域 第二季,1669,7.1
彗星公主,1670,7.0
怪盗圣少女,1671,7.1
数码暴龙03驯兽师之王 暴走的数码列车,1672,7.1
灼眼的夏娜 第三季,1673,7.1
翼·年代记 第二部,1674,7.1
樱Trick,1675,7.1
剑风传奇 次篇,1676,7.1
拂晓的尤娜 OAD,1677,7.1
放风筝的人,1678,7.1
海贼王3D2Y 跨越艾斯之死！与路飞伙伴的誓言,1679,7.1
绝对少年,1680,7.0
新世纪魔法少女,1681,7.1
水之语,1682,7.1
刀剑神域,1683,7.1
田中君总是如此慵懒,1684,7.1
木橱童子,1685,7.1
银魂 爱染香篇,1686,7.1
她和她的猫 -Everything Flows-,1687,7.1
钱进球场,1688,7.0
历物语,1689,7.1
樱花大战 神崎堇引退记念,1690,7.0
马达加斯加3,1691,7.1
漂流武士 第二季,1692,7.0
猫和老鼠2014,1693,7.1
迷宫塔 ～乌鲁克之盾～,1694,7.1
圣魔之血,1695,7.1
森林大帝,1696,7.0
川之光,1697,7.0
喜剧,1698,7.1
破刃之剑 第五章 死线之涯,1699,7.1
灼眼的夏娜S,1700,7.1
攻壳机动队ARISE border:2 Ghost Whispers,1701,7.1
魔界女王候补生,1702,7.0
侦探歌剧 少女福尔摩斯 夏季特别篇,1703,7.1
死亡笔记特别篇 L的继承者,1704,7.1
黑塔利亚 第6期,1705,7.1
监狱学园 OAD,1707,7.1
麦兜当当伴我心,1708,7.0
关于完全听不懂老公在说什么的事,1709,7.1
极地特快,1710,7.1
南方公园 第20季,1711,7.0
A频道+smile,1712,7.1
大正野球娘,1713,7.1
卡片战斗先导者 亚洲巡回赛篇,1714,7.0
飙速宅男 新世代,1715,7.1
勇者大冒险,1716,7.0
夏雪密会,1717,7.1
阿松 第二季,1718,7.1
小飞侠,1719,7.0
爱杀宝贝,1720,7.1
大雄的平行西游记,1721,7.1
剑勇传说 铁刃,1722,7.1
只有神知道的世界 天理篇,1723,7.1
光之美少女全明星 New Stage2 心之朋友,1724,7.0
黑社会的超能力女儿,1725,7.1
元气少女缘结神 新婚篇,1726,7.0
电焊工波力,1727,7.0
海贼王 路飞特别篇 手掌岛的冒险,1728,7.0
堀桑与宫村君,1729,7.1
侦探歌剧 少女福尔摩斯 亚森 华丽的欲望,1730,7.0
高机动幻想 ～新结行军歌～,1731,7.0
圣斗士星矢 冥界篇 后章,1732,7.1
仰望半月的夜空,1733,7.1
植木的法则,1734,7.1
爱杀宝贝OVA,1735,7.1
史上最强弟子兼一,1736,7.1
狂野情人,1737,7.1
攻壳机动队 新剧场版,1739,7.1
猫眼三姐妹,1740,7.1
冰雪奇缘：生日惊喜,1741,7.1
英国一家，吃在日本,1742,7.1
无限地带23 PART II,1743,7.0
无头骑士异闻录×2 结 DuFuFuFu!!,1744,7.1
今天的五年二班,1745,7.1
武士弗拉明戈,1746,7.1
天降之物 计时的悲伤女神,1747,7.1
盗贼王Jing,1748,7.0
阳光中的青时雨,1749,7.1
路人超能100 REIGEN～不为人知的奇迹灵能者～,1750,7.0
大雄的海底鬼岩城,1751,7.0
电波女与青春男,1752,7.1
课长之恋,1753,7.1
鹬蚌相争,1754,7.0
动画讨论同好会,1755,7.0
鲸的鱼跃,1756,7.0
蜡笔小新 森林里的暴风雨,1757,7.0
亚人 第二季,1758,7.1
亚尔斯兰战记,1759,7.0
神笔,1760,7.1
魔卡少女樱 Clear Card篇 序幕 小樱与两人的小熊,1761,7.1
樱花大战 活动写真,1762,7.0
阿修罗,1763,7.1
机动战士高达ZZ,1764,7.1
刀剑神域 Alternative Gun Gale Online,1765,7.0
网球少女 2期,1766,7.1
魁拔之十万火急,1767,7.1
艾斯嘉科尼,1768,7.0
翼·年代记,1769,7.1
圣诞之吻SS,1770,7.1
今天的五年二班 OAD,1771,7.0
网球少女 9期,1772,7.0
龙珠Z 龙拳爆发,1773,7.0
怪物猎人日记 岌岌可危的猫猫村G,1774,7.0
大力水手,1775,7.1
彭彭与丁满,1776,7.0
滑过河面的风,1777,7.1
破刃之剑 第一章 觉醒之刻,1778,7.1
七大罪 戒律的复活,1779,7.1
小熊维尼历险记,1780,7.0
DokiDoki! 光之美少女 爱结婚了!!?连接未来的希望婚纱,1781,7.0
故乡重现 日本的古老传说,1782,7.0
丹特丽安的书架,1783,7.1
狐妖小红娘,1784,7.0
光与水的女神,1785,6.9
"Wake Up, Girls! 七人的偶像",1786,7.1
秦时明月之百步飞剑,1787,7.1
青春草莓蛋,1788,7.0
小熊维尼历险记,1789,6.9
铁腕巴迪 DECODE,1790,7.0
侦探歌剧 少女福尔摩斯,1791,7.1
青出于蓝～缘～ 圣诞特别篇,1792,7.0
绝园的暴风雨,1793,7.1
晴天小猪,1794,7.1
狮子王2：辛巴的荣耀,1795,7.0
初恋限定。,1796,7.1
机动警察 REBOOT,1797,7.0
青出于蓝,1798,7.0
网球少女 8期,1799,7.0
OVERLORD,1800,7.1
无限地带23,1801,7.0
Slow Start,1802,7.1
信蜂 REVERSE,1803,7.1
十万个冷笑话2,1804,6.9
足球小将J,1805,7.0
剧场版 精灵宝可梦：雪拉比 穿梭时空的相遇,1806,7.0
魔法咪路咪路,1807,7.0
速写者,1808,7.0
美少女战士Crystal 第三季,1809,7.0
昭和物语,1810,7.0
"I""s Pure",1811,7.0
地狱少女 三鼎,1812,7.0
小贝流浪记,1813,7.0
攻壳机动队ARISE border:1 Ghost Pain,1814,7.0
未确认进行式,1815,7.1
超剧场版 Keroro军曹,1816,7.0
青之驱魔师 剧场版,1817,7.1
钢之炼金术师 叹息之丘的圣星,1818,7.1
藏獒多吉,1819,7.0
我们大家的河合庄,1820,7.1
天堂之吻,1821,7.0
剧场版 精灵宝可梦DP：骑拉帝纳与冰空的花束 洁咪,1822,7.0
迷糊天使,1823,7.0
猫汤剧场,1824,7.0
忍者神龟,1825,7.0
姉弟のカンケイ,1826,7.0
猫狗,1827,7.0
苍蝇一分钟的生命,1828,7.0
纯情罗曼史2,1829,7.0
海贼王 萨波特别篇 三兄弟的羁绊 奇迹的再会和被继承的意志,1830,7.0
Love Live!,1831,7.1
WWW.迷糊餐厅,1832,7.0
浪漫追星社,1833,7.0
灼眼的夏娜 第二季,1834,7.1
迦南,1835,7.1
上官海铃,1836,6.9
Fate/stay night TV总集篇,1837,7.0
网球少女 5期,1838,7.0
关于完全听不懂老公在说什么的事 第二季,1839,7.0
四驱兄弟WGP 暴走四驱大追踪,1840,6.9
进击的巨人 无悔的选择,1841,7.0
一拳超人 OVA,1842,7.0
超剧场版 Keroro军曹3 Keroro 对 Keroro 天空大决战,1843,7.0
恋系纪念日,1844,7.0
魔法使的条件 夏季的天空,1845,7.0
不在他处 正是此地,1846,7.0
我爱你,1847,7.0
网球少女 4期,1848,7.0
蜡笔小新 爆睡！梦世界大作战,1849,7.0
天行九歌之空山鸟语,1850,7.0
最游记,1851,7.0
龙珠GT,1852,7.0
炎之蜃气楼,1853,7.0
书家,1854,7.0
光之美少女 Max Heart 秘密花园,1855,6.9
奥林匹斯星传,1856,7.0
交涉人勇午,1857,6.9
元气少女缘结神 OAD,1858,7.0
弃宝之岛：遥与魔法镜,1859,7.0
偶像大师 灰姑娘女孩,1860,7.0
狮子王,1861,6.9
网球少女 6期,1862,7.0
麻辣女孩,1863,6.9
黑执事 豪华客船篇,1864,7.0
后天的方向,1865,7.0
网球少女 7期,1866,7.0
魔术师和兔子,1867,6.9
结城友奈是勇者,1868,7.0
超级酷乐猫,1869,7.0
咕咚来了,1870,6.9
.hack//G.U. TRILOGY,1871,7.0
仙乐传说 世界统合篇,1872,7.0
大运动会,1873,6.9
龙珠Z 银河最强战士,1874,6.9
鲁邦三世 微风公主 ~ 被隐藏的空中都市,1875,6.9
网球优等生,1876,7.0
攻壳机动队ARISE ALTERNATIVE ARCHITECTURE,1877,7.0
银河KICK OFF！！,1878,7.0
世界第一初恋〜横泽隆史的场合〜,1879,7.0
野良神 OAD,1880,7.0
猛兽侠,1881,7.0
伪恋 OAD,1882,7.0
数码暴龙大冒险02 超恶魔兽的反击,1883,7.0
纯情罗曼史3,1884,7.0
东京巴比伦,1885,7.0
最游记RELOAD GUNLOCK,1886,7.0
火影忍者 剧场版 忍者之路,1887,7.0
十兵卫2 西伯利亚柳生的反击,1888,6.9
新盖塔,1889,6.9
龙珠Z 激战人造人,1890,6.9
潜行吧！奈亚子,1891,7.0
我叫MT 第二季,1892,7.0
猫语少女,1893,6.9
彩云国物语 第二季,1894,7.0
ASIENCE～头发是女人的生命,1895,7.0
传说中勇者的传说,1896,7.0
DokiDoki! 光之美少女,1897,7.0
全部成为F THE PERFECT INSIDER,1898,7.0
夏目友人帐 和猫老师的第一次跑腿,1899,7.0
我叫MT 第三季,1900,7.0
四驱小子,1901,7.0
金田一少年事件簿R 2期,1902,6.9
战姬绝唱SYMPHOGEAR G,1903,7.0
排球少年剧场版 结束与开始,1904,6.9
我的女神 小不隆咚便利多多,1905,6.9
信蜂,1906,7.0
小鸠,1907,7.0
结城友奈是勇者 鹫尾须美之章&勇者之章,1908,7.0
红白黑黄 第三季,1909,7.0
刀剑神域：序列之争,1910,7.0
惊爆草莓,1911,7.0
血咒圣痕,1912,7.0
switch缉毒特搜班,1913,7.0
蜡笔小新 风起云涌！我的宇宙公主,1914,6.9
虐杀器官,1915,7.0
我的女神 OAD,1916,7.0
在盛夏等待,1917,7.0
剧场版 精灵宝可梦超世代：裂空的访问者 代欧奇希斯,1918,7.0
光之美少女All Stars 大家一起歌唱♪奇迹的魔法！,1919,6.9
えろげー! Hもゲームも開発三昧,1920,7.0
佐罗的传说,1921,6.9
THE UNLIMITED 兵部京介,1922,7.0
黄金拼图 Pretty Days,1923,7.0
青出于蓝～缘～,1924,7.0
血型君,1925,7.0
妖精的尾巴 妖精们的合宿,1926,7.0
扑杀天使朵库萝2,1927,7.0
鬼神童子,1928,7.0
龙珠Z 传说中的超级赛亚人,1929,6.9
妖精的尾巴 心跳不已·龙舌兰乐园,1930,6.9
乱马1/2特别篇 恶梦!春眠香,1931,6.9
停驻你心门,1932,6.9
剧场版精灵宝可梦 就决定是你了！,1933,7.0
新・天地无用!,1934,6.9
机动战士高达F91,1935,7.0
超级大坏蛋,1936,7.0
Fate/stay night Unlimited Blade Works,1937,7.0
魔女猎人,1938,7.0
杀戮都市：O,1939,7.0
神灵狩,1940,7.0
圣斗士星矢 冥界篇 前章,1941,7.0
鲁邦三世VS名侦探柯南 剧场版,1942,7.0
曙光少女,1943,6.9
摔跤的罗密欧与朱丽叶,1944,7.0
兔宝的悲惨日常 梦幻篇,1945,7.0
苍天航路,1946,6.9
猴子捞月,1947,6.9
妻しぼり,1948,6.9
歌牌情缘 OAD,1949,7.0
扑杀天使朵库萝,1950,7.0
Little Busters!,1951,7.0
黑子的篮球 第二季,1952,7.0
Fresh 光之美少女! 玩具王国有很多秘密!?,1953,6.9
伪恋：,1954,7.0
依巴拉度~时间篇,1955,6.9
机动战士高达MS IGLOO 2 重力战线,1956,7.0
恶魔城 第一季,1957,7.0
花木兰,1958,7.0
仙乐传说 迪赛雅兰篇,1959,7.0
黑执事,1960,7.0
幻想万华镜 巨大妖怪传说之章,1961,7.0
真的存在！灵媒老师,1962,6.9
新蔷薇少女,1963,7.0
灼眼的夏娜炭,1964,7.0
潜行吧！奈亚子W,1965,7.0
臭作 Replay,1966,6.9
超剧场版 Keroro军曹 龙勇士的逆袭,1967,6.9
Infini-T Force,1968,7.0
Swing Out Sisters 完全版,1969,7.0
恶魔人 诞生篇,1970,6.9
天真与闪电,1971,7.0
功夫熊猫,1972,7.0
精灵宝可梦：超梦归来,1973,6.9
穿靴子的猫,1974,7.0
赛马娘 PrettyDerby,1975,7.0
驯龙高手2,1976,7.0
珈百璃的堕落,1977,7.0
穿靴子的猫：萌猫三剑客,1978,6.8
紫罗兰永恒花园,1979,7.0
数码暴龙大冒险02 前篇：暴龙旋风登陆 危机再现!!/后篇：超绝进化!!黄金装甲最强之力!,1980,7.0
生化危机 诅咒,1981,7.0
名侦探柯南 第14号目标,1982,7.0
恶魔奶爸 OAD,1983,7.0
剧场版 精灵宝可梦：结晶塔的帝王,1984,7.0
天然萌少女明日香,1985,7.0
机动战士高达AGE MEMORY OF EDEN,1986,6.9
木偶奇遇记,1987,6.9
非常偶像Key,1988,6.9
兰斯01 寻找小光,1989,7.0
头文字D Legend1 -觉醒-,1990,6.9
魔法老师！～白色之翼 ALA ALBA～,1991,6.9
网球少女,1992,7.0
元气少女缘结神,1993,7.0
Suite 光之美少女♪ 剧场版：夺回来!连接心的奇迹旋律,1994,6.9
马丁的早晨,1995,7.0
向山进发,1996,7.0
人参娃娃,1997,6.8
鬼作,1998,6.8
丁丁历险记,1999,6.9
赤发白雪姬,2000,7.0
乔瓦尼之岛,2001,6.9
机器人少女Z+,2002,6.9
阿松 赛马轶事,2003,6.9
樱花任务,2004,7.0
天使怪盗,2005,7.0
狂赌之渊,2006,7.0
英雄时代,2007,7.0
入学考试,2008,6.8
骷髅人,2009,6.9
血色花园,2010,6.9
犬夜叉 黑色铁碎牙,2011,6.9
舞-乙HiME 0～S.ifr～,2012,6.9
出包王女 OVA,2013,7.0
叮当猫,2014,6.8
Another,2015,7.0
守望先锋：新生,2016,6.8
蜡笔小新 超时空！呼风唤雨的我的新娘,2017,6.9
无畏魔女 彼得堡大战略,2018,6.9
千年狐,2019,6.8
魔法少女☆伊莉雅 第二季 OAD,2020,7.0
寻找满月,2021,6.9
属性同好会,2022,7.0
百合星人奈绪子 OAD,2023,7.0
蜡笔小新 超级美味B级美食大逃亡,2024,6.9
GAMERS电玩咖,2025,7.0
童话枪手小红帽,2026,6.8
普通女高中生要做当地偶像 OVA,2027,6.9
魔弦传说,2028,6.8
直白标题机器人动画,2029,6.9
High School D×D NEW,2030,7.0
哆啦A梦 大雄与绿巨人传,2031,6.9
「C」,2032,7.0
英雄故事：末日铁拳,2033,6.8
鬼父,2034,7.0
高达创战者 GM的逆袭,2035,6.8
小黄人,2036,6.9
Hi・Me・Go・To,2037,6.8
冰河世纪：猛犸象的圣诞,2038,6.8
一起一起这里那里,2039,7.0
魁拔Ⅲ 战神崛起,2040,6.9
魔法禁书目录,2041,7.0
立食师列传,2042,6.8
零之使魔,2043,7.0
阿拉丁,2044,6.9
田中君今天也是如此慵懒,2045,6.8
炸猪排DJ扬太郎,2046,6.8
野良神 ARAGOTO OAD,2047,6.9
捉迷藏,2048,6.9
红海龟,2049,6.8
圆盘皇女 十二月的小夜曲,2050,6.8
寒蝉鸣泣之时外传 猫杀篇,2051,7.0
精灵宝可梦 超级愿望,2052,6.9
史上最强弟子兼一 OAD,2053,6.8
蜡笔小新之布里布里王国的秘密宝藏,2054,6.8
我为歌狂,2055,6.9
机动战士高达 铁血的奥尔芬斯,2056,7.0
苹果核战记2,2057,6.9
风之大陆,2058,6.8
恋旅～True Tours Nanto～,2059,7.0
Resort BOIN,2060,6.9
Active Raid -机动强袭室第八课- 2nd,2061,6.9
战国BASARA 贰,2062,6.9
美鸟日记,2063,7.0
迷你加尔刚蒂亚,2064,6.9
翼·年代记 鸟笼国的公主,2065,6.9
魔力女管家夏日TV特别篇 “我认为H是不对的！,2066,6.9
悪戯～いたずら～ The Animation,2067,6.9
战国BASARA OVA,2068,6.9
苍色骑士,2069,6.9
101忠狗,2070,6.9
无爱之战,2071,7.0
.hack//时空,2072,6.9
红壳的潘多拉,2073,6.8
GJ部,2074,6.9
纯情房东俏房客 Again,2075,6.9
GEAR战士电童,2076,6.8
火影忍者外传 李洛克的青春FULL POWER忍传,2077,6.9
异世界的圣机师物语,2078,6.9
夜樱四重奏 星之海,2079,6.9
史上最强弟子兼一 暗之袭击,2080,6.8
黄昏少女×失忆,2081,7.0
强殖装甲凯普,2082,6.8
红莲,2083,6.8
Daicon3 开幕动画,2084,6.8
疯味英雄,2085,6.8
骇客娃娃,2086,6.9
Little Busters! OVA,2087,6.9
亚人酱有话要说,2088,7.0
上课小动作 OAD,2089,6.9
超剧场版 Keroro军曹2 深海的公主,2090,6.9
记忆女神的女儿们,2091,6.9
美妙旋律 极光之梦,2092,6.8
拜托了老师,2093,6.9
冰川时代2：融冰之灾,2094,6.9
迷宫塔 ～乌鲁克之剑～,2095,6.9
老狼请客,2096,6.7
谜样女友X OAD 谜之夏日祭典,2097,6.9
偶像大师 灰姑娘女孩剧场 第二季,2098,6.9
女神异闻录5,2099,6.9
MÄR 魔法世界,2100,6.9
宇宙小毛球,2101,6.8
小王子,2102,6.8
异国色恋浪漫谭,2103,6.9
光之美少女全明星 New Stage 未来的朋友,2104,6.8
战国鸟兽戏画～甲～,2105,6.9
Pokémon the movie XY&Z 波尔凯尼恩与机巧的玛机雅娜,2106,6.8
海底娇娃蓝华,2107,6.8
恶魔奶爸,2108,6.9
成龙历险记,2109,6.9
邻座的怪同学 OAD,2110,6.9
机动新世纪高达X,2111,6.9
少女派别,2112,6.9
在盛夏等待 特别篇,2113,6.9
银仙,2114,6.9
三国演义,2115,6.8
舞-乙HiME,2116,6.9
Natural2 DUO,2117,6.8
轰炸超人,2118,6.8
这个是僵尸吗？OF THE DEAD,2119,6.9
鲤鱼跳龙门,2120,6.7
初音岛 if,2121,6.9
我不受欢迎，怎么想都是你们的错！,2122,6.9
幽游白书 冥界死斗篇 炎之绊,2123,6.7
音响生命体,2124,6.9
天方魔谭MAGI 辛巴达的冒险,2125,6.9
虹色萤火虫～永远的暑假～,2126,6.8
学园救援团,2127,6.9
飞天小女警,2128,6.9
蜡笔小新 呼风唤雨黄金的间谍大作战,2130,6.8
犬神,2131,6.9
龙珠Z 一百亿能量战士们,2132,6.8
精灵旅社,2133,6.8
卡利古拉,2134,6.8
魔法少女砂沙美,2135,6.8
幸腹涂鸦,2137,6.9
咲日和 OAD,2138,6.9
自古英雄出少年,2139,6.7
MADLAX,2140,6.9
战国BASARA,2141,6.9
未来日记Redial,2142,6.9
马达加斯加的企鹅,2143,6.7
浪客剑心 维新志士的镇魂歌,2144,6.9
数码兽大冒险02,2145,6.9
"Wake Up, Girls! 青春之影",2146,6.9
结城友奈是勇者 -鹫尾须美之章- 第1章 朋友,2147,6.9
交响诗篇 彩虹满载,2148,6.9
亚尔斯兰战记,2149,6.9
妖精的尾巴 记忆里的日子,2150,6.8
樱花大战,2151,6.9
我的朋友很少,2152,6.9
我叫MT 第六季,2153,6.8
龙珠Z 击败超战士,2154,6.7
守望先锋：英雄,2155,6.7
龙珠Z 最强对最强,2156,6.8
妖精的尾巴×圣石小子,2157,6.8
EVA爆笑学园,2158,6.9
魔王勇者,2159,6.9
尾随者竞技,2160,6.8
海贼王 黄金城,2161,6.9
虹猫蓝兔七侠传,2162,6.9
钢铁天使核桃 零,2163,6.7
魔法禁书目录 第二季,2164,6.9
银河机攻队 Majestic Prince,2165,6.9
剧场版 精灵宝可梦超世代：宝可梦保育家与苍海的王子 玛纳霏,2166,6.9
勇者的故事,2167,6.8
鬼父 Re-born,2168,6.9
逮捕令 全速前进,2169,6.9
头文字D Extra Stage,2170,6.7
遥远时空中 舞一夜,2171,6.8
结城友奈是勇者 -鹫尾须美之章- 第2章 魂,2172,6.9
玛丽与魔女之花,2173,6.7
冰川时代3：恐龙的黎明,2174,6.9
守护月天,2175,6.7
机动战士V高达,2176,6.9
功夫熊猫 2,2177,6.9
麦兜响当当,2178,6.9
薄樱鬼 第一章 京都乱舞,2179,6.8
攻壳机动队ARISE border:4 Ghost Stands Alone,2180,6.9
妄想改造人改藏,2181,6.9
侦探学园Q,2182,6.8
神枪少女 -IL TEATRINO- OVA,2183,6.8
八犬传-东方八犬异闻-,2184,6.9
魔法少女☆伊莉雅 3rei!!,2185,6.9
渣和无用改革,2186,6.9
BLAME! 端末遗构都市,2187,6.8
Comic Girls,2188,6.8
三者三叶,2189,6.9
战国鸟兽戏画～乙～,2190,6.8
境界的轮回 第三季,2191,6.7
薄樱鬼 第二章 士魂苍穹,2192,6.8
星际宝贝,2193,6.8
赤发白雪姬 OAD,2194,6.9
GJ部@,2195,6.9
天方魔谭MAGI,2196,6.9
我的妹妹哪有这么可爱。,2197,6.9
万有引力OVA,2198,6.8
海贼王时代剧 年底特别企画! 草帽小子路飞的捕头传,2199,6.7
钢铁天使核桃,2200,6.7
あねよめカルテット,2201,6.8
蓝海少女,2202,6.9
十万个冷笑话 第一季,2203,6.9
守望先锋：归来,2204,6.7
无论如何都想加入生肖,2205,6.7
令人战栗的格林童话,2206,6.6
地铁大逃杀,2207,6.8
圣诞之吻SS OVA,2208,6.9
妖精的尾巴 欢迎来到 Fairy Hills!!,2209,6.8
游戏王剧场版 光之金字塔,2210,6.9
破刃之剑 第六章 恸哭之寨,2211,6.9
蜡笔小新之黑暗珠珠大追击,2212,6.6
Another 第0话,2213,6.9
机器人笔记,2214,6.9
傻大猫和崔弟,2215,6.7
鸟！鸟！鸟！,2216,6.7
海底总动员2,2217,6.8
初犬 The Animation,2218,6.9
巴哈姆特之怒 GENESIS Short Story,2219,6.8
我的朋友很少NEXT,2220,6.9
海贼王 发条岛的冒险,2221,6.9
永远之久远 第一章 泡沫的花瓣,2222,6.9
秀逗魔导士REVOLUTION,2223,6.9
虫虫危机,2224,6.8
海贼王 特别篇 黄金之心,2225,6.7
便·当,2226,6.9
游戏王ZEXAL II,2227,6.8
蓝精灵,2228,6.8
境界的轮回 第二季,2229,6.8
潜行吧！奈亚子F,2230,6.9
喵楞！,2231,6.8
宅男腐女恋爱真难,2232,6.7
天使领域,2233,6.7
亚尔斯兰战记 风尘乱舞,2234,6.9
中华小子,2235,6.8
头山,2236,6.7
黑暗圣经 Only,2237,6.8
进击的巨人 OAD,2238,6.9
高达 EVOLVE,2239,6.8
潮与虎 第二季,2240,6.8
一发失误S,2241,6.8
High School D×D,2242,6.9
红 Kurenai OVA,2243,6.9
怪物猎人日记 岌岌可危的猫猫村 ☆猫猫千钧一发☆,2244,6.8
蛋黄酱萝莉,2245,6.8
名侦探柯南 十年后的陌生人,2246,6.9
海贼王 珍兽岛之乔巴王国,2247,6.9
RWBY Chibi,2248,6.8
海贼王 机关城的机械巨兵,2249,6.9
少年锦衣卫,2250,6.8
滑头鬼之孙 零·泪·雪,2251,6.8
选择破坏者WIXOSS,2252,6.8
高达创战者 Battlogue,2253,6.7
南郭先生,2254,6.8
皇家国教骑士团,2255,6.9
仙乐传说,2256,6.8
好帅好可爱宣言!,2257,6.8
家有穆珂,2258,6.8
LOVE STAGE!! OAD,2259,6.7
数码暴龙03驯兽师之王 冒险者的战斗,2260,6.8
拂晓的尤娜,2261,6.9
Anne Happy♪,2262,6.9
初音岛II 第二季,2263,6.9
零之使魔 双月骑士,2264,6.9
不可思议的游戏,2265,6.8
文豪野犬 第二季,2266,6.9
高校舰队,2267,6.9
功夫熊猫:盖世五侠的秘密,2268,6.7
迷你偶像 OAD,2269,6.7
月咏,2270,6.9
名侦探柯南 银翼的魔术师,2271,6.9
玉子市场,2272,6.9
爆炸头武士：复活,2273,6.7
拜托了双子星,2274,6.9
Q版三国,2275,6.8
猫愿三角恋,2276,6.9
黑子的篮球 第三季,2277,6.9
鹤屋和熏干酪,2278,6.9
死神,2279,6.9
和歌子酒,2280,6.9
人马小姐不迷茫,2281,6.9
高校星歌剧 OVA,2282,6.6
乡村医生,2283,6.7
苍蓝钢铁的琶音 DC,2284,6.8
北斗神拳拉欧外传-天之霸王,2285,6.7
亲吻姐姐OAD,2286,6.9
城下町的蒲公英,2287,6.9
冰川时代4：大陆漂移,2288,6.8
一发失误,2289,6.8
干物妹！小埋,2290,6.9
精灵宝可梦 超级愿望 第2季 德科罗拉大冒险,2291,6.7
偶像大师 灰姑娘女孩剧场,2292,6.8
龙珠Z 地球争霸战,2293,6.7
High School D×D OAD,2294,6.8
龙珠 神龙传说,2295,6.6
弱酸性百万亚瑟王,2296,6.7
精灵宝可梦XY特别篇 最强Mega进化,2297,6.8
剧场版 进击的巨人 后篇～自由之翼～,2298,6.8
神的记事本,2299,6.9
海贼王 黄金岛大冒险,2300,6.8
水着彼女～THE ANIMATION～,2301,6.8
百合熊风暴,2302,6.9
新暗行御史,2303,6.6
海贼王 被诅咒的圣剑,2304,6.8
君吻 pure rouge,2305,6.8
奇幻森林,2306,6.7
田中君总是如此慵懒 特典,2307,6.6
CPU辣妹,2308,6.6
学园奶爸,2309,6.8
梦色蛋糕师,2310,6.8
食戟之灵 餐之皿,2311,6.9
学校怪谈,2312,6.6
机动战士高达SEED DESTINY HD重制版,2313,6.8
文豪野犬 OAD,2314,6.6
A.I.C.O.：化身,2315,6.8
魔豆传奇,2316,6.8
丹特丽安的书架 荆姬,2317,6.8
阿童木起源,2318,6.8
出包王女,2319,6.9
初音岛,2320,6.9
HAL,2321,6.8
会长是女仆大人,2322,6.9
马达加斯加2：逃往非洲,2323,6.8
幕末机关说,2324,6.8
亚人 OAD,2325,6.8
傀儡师左近,2326,6.8
欧西里斯的天秤,2327,6.7
初瓣,2328,6.7
江户川柯南失踪事件～史上最糟糕的两天～,2329,6.8
A频道,2330,6.9
命运石之门 聪明睿智的认知计算,2331,6.8
绯色恋,2332,6.8
蜡笔小新之动感超人大战泳装魔王,2333,6.6
肉嫁～高柳家の人々～,2334,6.7
学活！ 第二季,2335,6.7
B：起点,2336,6.8
翠星之加尔刚蒂亚～遥远的巡回航路～,2337,6.8
哆啦A梦 大雄与奇迹之岛～动物历险记～,2338,6.7
灰姑娘,2339,6.7
剧场版 精灵宝可梦DP：幻影的霸者 索罗亚克,2340,6.8
铳梦,2341,6.7
人形电脑天使心：送东西,2342,6.7
校园外星人,2343,6.7
神魂合体豪旦那,2344,6.5
黑礁 特典小剧场,2345,6.7
Punch Line,2346,6.8
黑暗圣经 外传,2347,6.8
战国☆天堂-极-,2348,6.7
甘城光辉游乐园,2349,6.9
未确认进行式 OAD,2350,6.8
家庭教师HITMAN REBORN！彭格列式修学旅行、来了！,2351,6.8
苹果核战记XIII,2352,6.6
烈火之炎,2353,6.7
战姬绝唱SYMPHOGEAR AXZ,2354,6.8
蜡笔小新 爆发！温泉火热大决战,2355,6.5
剧场版 精灵宝可梦DP：阿尔宙斯 超克的时空,2356,6.8
血意少年,2357,6.9
義母,2358,6.6
舞-乙HiME Zwei,2359,6.8
战国BASARA 剧场版 -The Last Party-,2360,6.8
草莓100% 恋爱开始!? 摄影合宿 ～动摇的心向东向西～,2361,6.8
潜行吧！奈亚子 OVA,2362,6.8
暗杀教室 第二季 课外授课篇,2363,6.7
赐予护女神的祝福,2364,6.6
人妻かすみさん,2365,6.6
NEEDLESS,2366,6.8
梦幻妖子,2367,6.6
文学少女 翱翔于天空的天使的镇魂曲,2368,6.8
机动战士高达 第08MS小队 最后的休憩,2369,6.8
妖精的尾巴 妖精学园 不良少年与大姐头,2370,6.7
蜡笔小新 呼风唤雨！金矛之勇者,2371,6.6
High☆Speed! -Free! Starting Days-,2372,6.7
出包王女Darkness OVA,2373,6.7
ALDNOAH.ZERO,2374,6.8
向北,2375,6.5
加速世界,2376,6.9
魔法少女爱,2377,6.7
百日蔷薇,2378,6.8
影鳄,2379,6.8
创圣的大天使EVOL,2380,6.8
电器街的漫画店,2381,6.8
再造基因,2382,6.7
离线LINE - 上班族 -,2383,6.8
101忠狗,2384,6.8
泰山,2385,6.8
日在校园,2386,6.8
你好七叶 第二季,2387,6.7
高校星歌剧 第二季,2388,6.7
多田君不恋爱,2389,6.8
花舞少女,2390,6.8
大力士,2391,6.5
飙速宅男 OAD,2392,6.7
物怪,2393,6.7
龙珠Z 神与神,2394,6.8
X战记,2395,6.7
奴隶市场,2396,6.7
头文字D Legend3 -梦现-,2397,6.6
萝莉的时间 2学期,2398,6.8
境界的彼方,2399,6.8
呼唤你的名字,2400,6.7
暗之末裔,2401,6.8
魔女的使命 OAD,2402,6.8
仙界传 封神演义,2403,6.7
若叶女孩,2404,6.8
梦使,2405,6.5
秀逗魔导士EVOLUTION-R,2406,6.8
背骑少女,2407,6.8
今天开始做魔王 第二季,2408,6.8
属性同好会 OAD,2409,6.8
悠悠式,2410,6.8
海尔兄弟,2411,6.8
CLAMP学园侦探团,2412,6.7
超人总动员,2413,6.8
Exodus!,2414,6.8
生存游戏社,2415,6.8
放課後2～紗由理～,2416,6.6
魔女之刃,2417,6.7
彩云国物语,2418,6.8
剧场版总集篇 OVERLORD 漆黑的英雄,2419,6.6
哆啦A梦 新·大雄的日本诞生,2420,6.7
旅街晚间秀,2421,6.7
谜样女友X,2422,6.8
少年阴阳师,2423,6.8
新网球王子OVA,2424,6.7
人机续篇,2425,6.5
最游记 RELOAD BLAST,2426,6.7
牙狼 炎之刻印,2427,6.8
女神异闻录3 剧场版 第二章 仲夏骑士之梦,2428,6.7
兽王星,2429,6.8
守望先锋：渗透,2430,6.6
遗迹守护者,2431,6.6
火宵之月～秋狂言～,2432,6.6
纤细爱情,2433,6.7
东之伊甸 总集篇 Air Communication,2434,6.7
半夜鸡叫,2435,6.6
天降美食,2436,6.7
魔人侦探脑啮涅罗,2437,6.7
kira☆kira 5周年纪念动画,2438,6.5
今天开始做魔王 OVA,2439,6.6
灰色的果实,2440,6.8
工作狂人,2441,6.6
晚餐,2442,6.8
独自生活的小学生,2443,6.6
散华礼弥,2444,6.8
神样DOLLS,2445,6.8
AURA ～魔龙院光牙最后的战斗～,2446,6.8
草莓100% Special,2447,6.7
变态王子与不笑猫,2448,6.8
刻刻,2449,6.8
天方魔谭MAGI 辛巴达的冒险,2450,6.8
里约大冒险2,2451,6.6
潘多拉之心,2452,6.8
真・恋姬无双～少女大乱～ OVA,2453,6.6
乌冬面之国的金色毛毬,2454,6.8
道口时间,2455,6.5
Dimension W -第四次元-,2456,6.8
VIPER -GTS-,2457,6.6
夫妻成长日记,2458,6.6
钢铁神吉克,2459,6.5
拜托了 爱因兹贝伦咨询室,2460,6.8
暗与帽子与书之旅人,2461,6.8
黄金狗剩,2462,6.6
大成建设,2463,6.5
神风怪盗贞德,2464,6.8
王者天下,2465,6.8
漫画家和助手 OVA,2466,6.8
终末的伊泽塔,2467,6.8
青春之旅 OAD,2468,6.7
归宅部活动记录,2469,6.8
战姬绝唱SYMPHOGEAR GX,2470,6.8
和我一起来画吧：我爱你,2471,6.5
Free! -Eternal Summer-,2472,6.8
秋叶原系彼女,2473,6.6
调教咖啡厅,2474,6.8
动作女主 水果应援团,2475,6.7
漫研部~Surgical Friends~,2476,6.7
为什么猫都叫不来,2477,6.5
红白黑黄 第四季,2478,6.8
学园孤岛,2479,6.8
漫画家和助手,2480,6.8
剑风传奇,2481,6.8
镇魂街,2482,6.7
生化危机 恶化,2483,6.8
萝莉的时间 OAD,2484,6.8
机动战士高达 第08MS小队 米娜的报告,2485,6.7
织田信奈的野望,2486,6.8
只有神知道的世界 四人与偶像,2487,6.8
海贼王 打倒海贼强萨克！,2488,6.7
网球王子,2489,6.8
魔法少女☆伊莉雅,2490,6.8
魔侦探洛基,2491,6.7
超次元游戏 海王星,2492,6.8
灵魂力量,2493,6.6
爆旋陀螺,2494,6.7
魔法护士小麦,2495,6.7
数码暴龙04无限地带 古代数码宝贝复活,2496,6.7
圣斗士星矢 天界篇 序奏～overture～,2497,6.7
网球王子 全国大会篇,2498,6.8
危险代理人,2499,6.7
心理测量者 第二季,2500,6.8
Re：从零开始的休息时间,2501,6.8
金田一少年事件簿 黒魔术杀人事件,2502,6.6
OVERLORD II,2503,6.8
俺物语!!,2504,6.8
雏逻辑 from Luck ＆ Logic,2505,6.7
青之驱魔师 小黑出走记,2506,6.8
纳米核心,2507,6.8
萤子,2508,6.6
天翔少女 OVA,2509,6.7
ストリンジェンド～エンジェルたちのプライベートレッスン～ コアMIX メガ盛り オカズですよ,2510,6.6
备长炭,2511,6.8
第三飞行少女队,2512,6.8
纸箱战机,2513,6.5
快乐的大脚,2514,6.6
天保异闻妖奇士,2515,6.5
勇敢传说,2516,6.7
幻想传说,2517,6.7
发条精灵战记 天镜的极北之星,2518,6.8
战场的女武神3 为了谁所受的枪伤,2519,6.7
妖兽都市,2520,6.7
闪亮的拓人 剧场版,2521,6.7
飞天少女猪,2522,6.7
小虎还乡,2523,6.6
初音岛 第二季,2524,6.8
战斗司书,2525,6.8
机动战士高达00 先驱者的觉醒,2526,6.8
青春之旅,2527,6.8
眼镜女友,2528,6.6
永远之久远 第三章 梦幻的连座,2529,6.7
拥抱春天的罗曼史,2530,6.7
七彩的素描,2531,6.7
希望宅邸？,2532,6.6
哈姆太郎 1期,2533,6.6
这个是僵尸吗？,2534,6.8
四驱兄弟MAX,2535,6.7
文学少女 热恋少女们的狂想曲,2536,6.8
我是高宫茄乃,2537,6.7
魔法老师捏吉!? 夏,2538,6.6
对学生会长的忠告,2539,6.7
头文字D Legend2 -斗走-,2540,6.6
剧场版总集篇 OVERLORD 不死者之王,2541,6.5
滑头鬼之孙,2542,6.8
洗衣日,2543,6.6
星期一的丰满,2544,6.8
期待在地下城邂逅有错吗,2545,6.8
SHOW BY ROCK!!,2546,6.8
水色,2547,6.4
跟大姐姐一起做吧！,2548,6.6
机动战士高达SEED C.E.73 观星者,2549,6.8
花の女子アナ ニュースキャスター·悦子 生でイキます！,2550,6.5
艾莉森与莉莉娅,2551,6.7
创势的大天使EVOL,2552,6.6
死神的歌谣,2553,6.8
DD北斗神拳,2554,6.7
滑头鬼之孙 ～奴良组事始～,2555,6.7
御先祖賛江,2556,6.4
打工声优！,2557,6.8
告诉我！辣妹子酱,2558,6.8
小鸡快跑,2559,6.6
魔神凯撒SKL,2560,6.5
凉风,2561,6.7
手塚治虫的佛陀～美丽的红色沙漠～,2562,6.6
新网球王子 OVA 对战Genius10,2563,6.5
萝莉的时间～萝莉的夏令时～,2564,6.7
黑执事II OVA,2565,6.7
臭作,2566,6.5
和谐,2567,6.7
虎子 OAD Extra虎,2568,6.4
魔界騎士イングリッド,2569,6.6
夜勤病棟 Kranke 児玉ひかる,2570,6.5
天翔少女,2571,6.7
猫神八百万,2572,6.8
锁锁美同学@提不起劲,2573,6.8
精灵宝可梦：雷公 雷的传说,2574,6.5
"Wake Up, Girls! 超越深限",2575,6.7
杀老师Quest,2576,6.7
限定少女。,2577,6.7
新・黑暗圣经,2578,6.7
あねいも,2579,6.6
薄樱鬼～御伽草子～,2580,6.6
空之音,2581,6.8
影鳄 承,2582,6.7
龙之谷：破晓奇兵,2583,6.6
魔女的使命,2584,6.8
哪吒传奇,2585,6.7
弥留之国的爱丽丝,2586,6.7
我的脑内选项正在全力妨碍学园恋爱喜剧 OAD,2587,6.7
鲁邦三世VS名侦探柯南,2588,6.7
妖狐×仆SS,2589,6.8
东京暗鸦,2590,6.8
真盖塔VS新盖塔,2591,6.5
GATE 奇幻自卫队 炎龙篇,2592,6.8
魁拔II 大战元泱界,2593,6.7
肉体转移,2594,6.5
今天开始做魔王,2595,6.8
ToHeart2 adplus,2596,6.7
超昂天使エスカレイヤー,2597,6.6
棺姬嘉依卡 OVA,2598,6.7
愤怒的小鸟,2599,6.5
监督不行届,2600,6.7
变态生理研究班 OAD,2601,6.8
加奈日记,2602,6.7
卡片战斗先导者,2603,6.6
高校星歌剧,2604,6.7
最终幻想VII 最终密令,2605,6.6
圣石小子,2606,6.6
小桃小栗 Love Love物语,2607,6.7
炼金三级魔法少女,2608,6.5
羊之歌,2609,6.7
夜勤病棟 Kranke 七瀬恋,2610,6.6
东京魔人学园剑风帖 龙龙 第二幕,2611,6.5
秘密 ～The Revelation～,2612,6.6
马达加斯加,2613,6.7
虹猫仗剑走天涯,2614,6.4
武器种族传说,2615,6.7
潮与虎,2616,6.7
虽然是玻璃假面,2617,6.6
这个是僵尸吗？ OAD,2618,6.7
冬季花园,2619,6.4
Pokémon the movie XY 光环的超魔神 胡帕,2620,6.6
文学少女 做梦少女的前奏曲,2621,6.7
绝对可怜children OVA,2622,6.5
精灵宝可梦 超级愿望 第2季,2623,6.6
汽车总动员,2624,6.7
名侦探柯南 侦探们的镇魂歌,2625,6.8
万有引力,2626,6.7
亚尔斯兰战记 OAD,2627,6.6
Kanon 雪花,2628,6.4
龙珠超,2629,6.7
圣传,2630,6.4
猫神八百万OVA,2631,6.7
ミセスジャンキー,2632,6.5
RD 潜脑调查室,2633,6.7
刀剑神域 第二季,2634,6.8
罗密欧与朱丽叶,2635,6.7
限制级杀手,2636,6.7
飞篮扣杀,2637,6.7
龙珠Z 超级赛亚人孙悟空,2638,6.4
魔法老师涅吉!? 春,2639,6.6
ママぷりっ！？,2640,6.4
女神异闻录3 剧场版 第一章 春生,2641,6.7
高达G之复国运动,2642,6.7
Swing Out Sisters,2643,6.7
我不受欢迎，怎么想都是你们的错！ OAD,2644,6.7
未确认进行式 OVA,2645,6.7
稻荷恋之歌,2646,6.8
森田同学很沉默 2,2647,6.7
无敌看板娘,2648,6.7
人鱼又上钩 OAD,2649,6.7
网络胜利组,2650,6.7
BLUE DROP 天使们的戏曲,2651,6.7
兔宝的悲惨日常 觉醒篇,2652,6.7
"Wake Up, Girls!",2653,6.8
妖精的尾巴 总集篇,2654,6.5
爱丽丝与藏六,2655,6.7
野良剧,2656,6.5
魔法使的条件,2657,6.6
魔法禁书目录炭,2658,6.7
血意少年 OAD,2659,6.7
草莓100% Original DVD,2660,6.6
由土里酱,2661,6.5
快乐家家车,2662,6.4
思念的碎片,2663,6.6
蜡笔小新 我的搬家物语 仙人掌大袭击,2664,6.4
魔法少女☆伊莉雅 OAD,2665,6.7
灼眼的夏娜 恋爱和温泉校外学习,2666,6.7
爆裂天使,2667,6.6
小魔女蒙娜,2668,6.4
天使之刃,2669,6.3
旋风管家 泳装篇,2670,6.7
大悪司,2672,6.6
秘汤,2673,6.7
不可思议星球的双胞胎公主,2674,6.5
食戟之灵 OAD,2675,6.7
緋忍伝 -呀宇種（ガウス）-,2676,6.4
龙珠 摩诃不可思议的冒险,2677,6.3
Free!,2678,6.8
我的朋友很少 Add-on disk,2679,6.7
战争程序员白濑,2680,6.5
哆啦A梦 大雄的南极冰冰凉大冒险,2681,6.5
啦啦啦德玛西亚,2682,6.7
萝莉的时间,2683,6.7
超级恋人 第二季,2684,6.6
放课后～濡湿的制服～,2685,6.4
寒蝉鸣泣之时 扩,2686,6.7
杀戮都市,2687,6.7
腐女子的品格,2688,6.4
爱宠大机密,2689,6.6
龙珠Z 热血热斗,2690,6.4
希望宅邸,2691,6.5
连结方式,2692,6.6
天然萌少女明日香 OAD,2693,6.6
黑白无双,2694,6.3
四眼天鸡,2695,6.3
姉とボイン,2696,6.5
女神异闻录5 -THE DAY BREAKERS-,2697,6.7
不思议美眉,2698,6.6
凌辱家庭餐馆 调教菜单,2699,6.7
矶部矶兵卫物语,2700,6.5
狂乱家族日记,2701,6.7
秋之鼓点,2702,6.6
动画心疗系,2703,6.7
逆転魔女裁判 ～痴女な魔女に裁かれちゃう～ THE ANIMATION,2704,6.6
瓶诘妖精,2705,6.6
虎子,2706,6.7
龙珠Z 世上最强之人,2707,6.4
魔法少女☆伊莉雅 雪下的誓言,2708,6.7
圆盘皇女,2709,6.5
PRETTY×CATION 2 THE ANIMATION,2710,6.6
AKB0048 next stage,2711,6.7
告诉我！辣妹子酱 OAD,2712,6.6
BOM BOM弹珠人,2713,6.4
恶作剧之吻,2714,6.7
翡翠森林狼与羊 秘密的朋友,2715,6.4
神雕侠侣I：古墓奇缘,2716,6.4
ToHeart2 adnext,2717,6.6
PRETTY×CATION THE ANIMATION,2718,6.6
星际恐龙,2719,6.5
苍之瞳的少女,2720,6.6
ヴィクトリアメイド マリアの奉仕,2721,6.6
ストレッタ ～THE ANIMATION～,2722,6.5
克拉斯卡劳埃德,2723,6.6
博多豚骨拉面,2724,6.7
BTOOOM! 惊爆游戏,2725,6.7
精灵宝可梦 超级愿望 第2季 N之章,2726,6.5
琴浦小姐,2727,6.7
ばくあね 弟しぼっちゃうぞ! THE ANIMATION,2728,6.6
我的裘可妹妹,2729,6.5
画江湖之灵主,2730,6.4
网球王子剧场版 迹部的礼物,2731,6.5
何时搅了荷包蛋的黄？,2732,6.7
这名男子，捡到了人鱼。,2733,6.7
虫孽,2734,6.4
诗片,2735,6.7
机动战士高达桑,2736,6.7
永远之久远 第四章 红莲的焦躁,2737,6.6
咚隆隆 炎魔君熊熊燃烧,2738,6.6
巴啦啦小魔仙之梦幻旋律,2739,6.5
竖笛与双肩书包 2♪,2740,6.7
少女的秘密心事,2741,6.4
名侦探柯南 水平线上的阴谋,2742,6.7
女神异闻录4 黄金版,2743,6.7
学园默示录,2744,6.7
哆啦A梦：大雄的人鱼大海战,2745,6.6
GANGSTA匪徒,2746,6.7
斩首循环 蓝色学者与戏言跟班,2747,6.7
名侦探柯南 怪盗基德孤岛决战,2748,6.6
境界的轮回,2749,6.7
DOG DAYS 第二季,2750,6.7
女神异闻录 -圣洁之魂-,2751,6.7
轮回的拉格朗日 鸭川日常,2752,6.6
灼眼的夏娜 剧场版,2753,6.7
冥王计划志雷马,2754,6.6
ToHeart2 ad,2755,6.5
魔法护士小麦Z,2756,6.4
神击的巴哈姆特 VIRGIN SOUL,2757,6.7
奇异太郎少年的妖怪绘日记,2758,6.6
科学超电磁炮S OVA,2759,6.7
御伽草子,2760,6.5
抓鬼天狗帮,2761,6.7
Xi AVANT,2762,6.6
阿童木,2763,6.6
STRANGE+ 第二季,2764,6.7
Urara迷路帖,2765,6.7
普通女高中生要做当地偶像,2766,6.7
铁胆火车侠2,2767,6.6
灌篮少年,2768,6.3
大草原上的小老鼠,2769,6.6
Fate/Zero cafe,2770,6.4
变态生理研究班,2771,6.7
风之圣痕,2772,6.7
小女神花铃,2773,6.5
制服处女,2774,6.4
MILK・ジャンキー　姉妹編,2775,6.4
今天开始做魔王 第三季,2776,6.6
死囚乐园,2777,6.7
萌萌侵略者,2778,6.7
欲望学院,2779,6.6
我自己；你自己,2780,6.7
黑子的篮球 OAD,2781,6.6
我家有个狐仙大人,2782,6.7
暗芝居,2783,6.7
听爸爸的话！,2784,6.7
樱子小姐的脚下埋着尸体,2785,6.7
High School DxD DX OAD,2786,6.6
真・恋姬无双 OVA,2787,6.6
数码兽宇宙 应用怪兽,2788,6.3
飞轮少年,2789,6.6
圣斗士星矢 极乐净土篇,2790,6.7
貴方だけこんばんわ,2791,6.3
玉家典当铺,2792,6.4
红 Kurenai,2793,6.7
怪物史莱克,2794,6.6
ESCHA CHRON,2795,6.4
黑爱～一夜妻馆·淫口乱乳录～,2796,6.5
学園侵触 ×× of the Dead,2797,6.4
竖笛与双肩书包 OAD,2798,6.6
黑塔利亚剧场版,2799,6.7
初犬2 The Animation ストレンジ・カインド オブ ウーマンズ～again～,2800,6.6
女皇之刃 王座的继承者,2801,6.7
SEXFRIEND ～セックスフレンド～,2802,6.4
ダーク・シェル 檻の中の艶,2803,6.4
夜勤病棟 Kranke 児玉あい,2804,6.4
女皇之刃 魔法之书,2805,6.3
精灵宝可梦 超梦 觉醒之路的序章,2806,6.3
心跳回忆Only Love,2807,6.6
没有给我哥吃的药！,2808,6.6
とらいあんぐるBLUE,2809,6.6
激钢人3 热血大决战!!,2810,6.4
噬血狂袭 II,2811,6.6
龙珠 巴达克之章,2812,6.5
画江湖之不良人,2813,6.6
最终痴汉电车,2814,6.4
宝贝公主,2815,6.6
萝球社！SS,2816,6.7
女皇之刃 美丽女斗士们,2817,6.6
アッチェレランド～堕天使たちの囁き～,2818,6.5
房东妹子青春期,2819,6.7
初音岛II,2820,6.7
散华礼弥 OAD,2821,6.7
你所期望的永远 ～Next Season～,2822,6.6
女神异闻录3 剧场版 第三章 秋降,2823,6.5
臭作 ～Liberty～,2824,6.5
True Blue～トゥルー・ブルー～,2825,6.6
黑猫,2826,6.7
金色琴弦～primo passo～,2827,6.6
魂狩,2828,6.6
魔法老师涅吉!?,2829,6.6
One Off,2830,6.6
鬼父 Re-birth,2831,6.7
二十面相少女,2832,6.6
我的主人爱作怪,2833,6.6
Play Play 昂宿星团,2834,6.5
金色琴弦～Secondo Passo～,2835,6.6
BRAVO东东,2836,6.3
破刃之剑,2837,6.6
那就是声优！,2838,6.7
药师寺凉子怪奇事件簿,2839,6.6
问题儿童都来自异世界？,2840,6.7
燐月 リンゲツ THE ANIMATION,2841,6.5
学園2,2842,6.4
拘束衣,2843,6.2
汽车总动员2,2844,6.5
机巧魔神2,2845,6.6
名侦探柯南 漆黑的追迹者,2846,6.7
太阳王子霍尔斯的大冒险,2847,6.3
如果有妹妹就好了。,2848,6.7
攻壳机动队ARISE border:3 Ghost Tears,2849,6.6
怪医美女RAY,2850,6.3
山田君与7个魔女,2851,6.7
这个男子，在与外星人作战,2852,6.6
天上天下 终极格斗,2853,6.2
仕舞妻～姉妹妻3～,2855,6.3
苹果核战记α,2856,6.4
我们的爱总是只有10厘米。,2857,6.6
秦时明月之君临天下,2858,6.5
游戏王剧场版 超融合！超越时空的羁绊,2859,6.6
暗杀教室 Episode:0 相遇的时间,2860,6.6
如果有○○就好了。,2861,6.3
选择扩散者WIXOSS,2862,6.7
相奸游戏,2863,6.3
逃亡者·毛利小五郎,2864,6.2
Tony’s ヒロインシリーズ 彼女は花嫁候補生？ シンデレラ・コレクション,2865,6.6
进击的巨人 Q版剧场 飞起来！训练兵团,2866,6.5
尽管如此世界依然美丽,2867,6.7
学活！,2868,6.6
我们没有翅膀,2869,6.7
紧扣的星星,2870,6.6
LOVELY×CATION THE ANIMATION,2871,6.6
教室☆危机,2872,6.7
名侦探柯南 MAGIC FILE 3 ～新一与小兰·麻将牌与七夕的回忆～,2873,6.5
超时空要塞FB7 银河流魂,2874,6.5
七大罪 OAD,2875,6.6
文学少女 今日的点心～初恋～,2876,6.7
姉SUMMER！,2877,6.6
黑塚,2878,6.6
魔界天使 第一季,2879,6.4
潜行吧！奈亚子W OVA,2880,6.6
如果高中棒球队女子经理读了彼得·德鲁克,2881,6.6
封神榜传奇,2882,6.4
喜欢上你的那个瞬间。～告白实行委员会～,2883,6.5
隐之王,2884,6.7
夜勤病棟ヒロインシリーズ 七瀬恋・風間愛・八神優 オマ○コクライマックス,2885,6.5
姉☆孕みっくす,2886,6.4
超有病 勇者传说,2887,6.3
遥远时空中2 白龙之神子,2888,6.3
甜蜜声优,2889,6.6
日常系的异能战斗,2890,6.7
Code Geass 亡国的阿基德 第一章「翼龙降临」,2891,6.7
间奏曲,2892,6.4
ばくあね2 弟いっぱいしぼっちゃうぞ！ THE ANIMATION,2893,6.4
选择感染者WIXOSS,2894,6.7
贫穷姊妹物语,2895,6.5
名侦探柯南 MAGIC FILE 4 ～通往大阪什锦煎饼的艰辛之路～,2896,6.5
不才・秋山优花里的战车讲座,2897,6.4
大话三国,2898,6.2
绚烂舞踏祭,2899,6.3
企业战士,2900,6.3
姫騎士リリア,2901,6.4
全力兔子,2902,6.4
妖精的尾巴 剧场版序章 开始的早晨,2903,6.4
名侦探柯南 柯南、基德与水晶之母,2904,6.5
蓝兰岛漂流记,2905,6.6
钢铁魔女安妮罗杰,2906,6.5
黑子的篮球 FAN DISC ～未结束的夏日～,2907,6.3
弹丸论破 希望学园与绝望高中生,2908,6.7
.hack//境界线,2909,6.3
永远之久远 第五章 双绝的来复,2910,6.5
纯洁的玛利亚,2911,6.6
兄嫁はいじっぱり,2912,6.4
装甲骑女怡丽丝,2913,6.3
怪谈餐馆,2914,6.6
あなたの知らない看護婦～性的病棟24時～,2915,6.4
漫研部~妄想突变~,2916,6.5
别惹蚂蚁,2917,6.2
非凡的公主希瑞,2919,6.4
推理之绊,2920,6.6
世纪末超自然学院,2921,6.6
这个男子、为石化困窘,2922,6.3
牙 -KIBA-,2923,6.3
名侦探柯南 MAGIC FILE 2011 ～新泻·东京 礼物狂想曲～,2924,6.5
淫堕の姫騎士ジャンヌ,2925,6.3
比基尼勇士 OVA,2926,6.4
超时空要塞II 再爱一次,2927,6.5
对魔忍阿莎姬,2928,6.5
Play Play 昂宿星团 2,2929,6.4
深渊传说,2930,6.6
弹珠警察,2931,6.6
功夫熊猫3,2932,6.6
美食的俘虏,2933,6.6
斯特拉的魔法,2934,6.6
寒蝉鸣泣之时 煌,2935,6.6
黑白小姐,2936,6.6
リアルエロゲシチュエーション！ THE ANIMATION,2937,6.2
大英雄狄青,2938,6.2
南之岛的德拉酱,2939,6.4
旅馆白鹭,2940,6.4
好きで好きで、すきで THE ANIMATION,2941,6.5
魔界战记,2942,6.5
美食的俘虏3D 开幕！美食家的冒险！！,2943,6.2
神厨小福贵,2944,6.3
漫画同人会 Revolution,2945,6.4
最强会长黑神 Abnormal,2946,6.6
你好七叶,2947,6.6
笨女孩,2948,6.7
圣斗士星矢 真红少年传说,2949,6.3
超速变形螺旋杰特,2950,6.2
最终流放-银翼的飞梦-,2951,6.6
特務捜査官レイ＆風子,2952,6.2
听爸爸的话！OAD,2953,6.6
爱姐妹～二人的果实～,2954,6.3
秦时明月之帝子降兮,2955,6.3
Re：从迷你开始的异世界生活,2956,6.6
光晕：传奇,2957,6.5
K 失落之王,2958,6.6
大家集合！Falcom学园 2期,2959,6.6
家庭教師のおねえさん THE ANIMATION～Hの偏差値あげちゃいます～,2960,6.5
威尔贝鲁物语 ～威尔贝鲁的姐妹～ 第一幕,2961,6.3
ToHeart2 OVA,2962,6.5
羁绊者,2963,6.6
像工口漫画一样恋爱吧,2964,6.2
BOIN レクチャー,2965,6.4
轮回的拉格朗日 第二季,2966,6.6
大悪司～前戯のススメ～,2967,6.1
女子高中生,2968,6.5
恋姬无双 OVA,2969,6.5
妻とママとボイン,2970,6.3
魔术快斗,2971,6.6
怪物史莱克2,2972,6.4
遗作,2973,6.3
传颂之物 OVA,2974,6.6
薄樱鬼 黎明录,2975,6.6
刀剑乱舞-花丸-,2976,6.6
希望宅邸 3D,2977,6.6
夜之小双侠,2978,6.6
連鎖病棟,2979,6.1
战国Collection,2980,6.6
Ran→Sem～白濁デルモ妻のミイラ捕り～,2981,6.5
公主恋人！西尔维娅篇,2982,6.6
创星的大天使,2983,6.4
犬屋敷,2984,6.6
无罪的维纳斯,2985,6.3
中二病也要谈恋爱！恋 Lite,2986,6.6
未来日记 OAD,2987,6.6
风云决,2988,6.5
茗记2-初织恋,2989,6.5
圣斗士星矢 圣域传说,2990,6.5
新体操（假） ～妖精们的圆舞曲～,2991,6.4
剧场版 进击的巨人 前篇～红莲的弓矢～,2992,6.5
LOVE STAGE!!,2993,6.6
魔法少女俺,2994,6.5
彷徨う淫らなルナティクス,2995,6.1
宇宙海盗船长哈洛克,2996,6.5
暗杀教室 365天的时间,2997,6.3
战乙女苏菲亚,2998,6.3
学生会的一己之见 Lv.2 EX,2999,6.6
人鱼的旋律,3000,6.4
机甲少女 FRAME ARMS GIRL,3001,6.6
"Wake Up, Girl Zoo!",3002,6.4
Phi-Brain～神之谜题2,3003,6.5
漫画同人会,3004,6.3
海贼王 追寻草帽,3005,6.5
续「刀剑乱舞-花丸-」,3006,6.4
AMON 恶魔人默示录,3007,6.3
干物妹！小埋 OAD,3008,6.6
女神异闻录4 剧场版,3009,6.5
零之使魔F,3010,6.6
HEARTWORK Symphony of Destruction,3011,6.3
爱姐妹2,3012,6.2
噗哔啵 来自未来,3013,6.6
Code Geass 亡国的阿基德 第二章「翼龙折翅」,3014,6.6
半妖少女绮丽谭,3015,6.6
少女爱上姐姐,3016,6.6
数码兽拯救者,3017,6.5
巨乳幻想,3018,6.5
虫奉行OVA,3019,6.1
少女周末授课,3020,6.5
铁胆火车侠,3021,6.6
伯纳德小姐说。,3022,6.5
初音岛I&II P.S.P. RE-ANIMATED OVA,3023,6.4
青之驱魔师 京都不净王篇,3024,6.6
GATE 奇幻自卫队,3025,6.6
不要撒娇哦!!,3026,6.3
トロピカルKISS♡,3027,6.5
宇宙战舰提拉米斯,3028,6.4
问题儿童都来自异世界？ OAD,3029,6.6
我永远的圣诞老人,3030,6.2
RIN×SEN＋Ran→Sem Cross Mix,3031,6.5
侦探歌剧 少女福尔摩斯 Alternative TWO,3032,6.5
令人在意的室友,3033,6.1
爱的魔法,3034,6.5
迷你宠物星,3035,6.3
游戏王ZEXAL,3036,6.6
游戏王VRAINS,3037,6.3
啦啦啦德玛西亚 第二季,3038,6.4
妹天堂2,3039,6.5
拉链超人组,3040,6.3
Blossom,3041,6.3
茗记3 - 取舍,3042,6.3
魔法老师涅吉! ANIME FINAL,3043,6.4
旋风管家 OAD,3044,6.4
ストリンジェンド&アッチェレランド ULTIMATUM～SERA～,3045,6.3
永远之久远 第六章 永远之永恒,3046,6.5
Unbalance～アンバランス～,3047,6.4
剧场版 创圣的大天使,3048,6.3
连我小镇,3049,6.2
シオン,3050,6.1
翼与萤火虫,3051,6.4
神不在的星期天,3052,6.6
癒してあげルン西遊記,3053,6.2
落第骑士英雄谭,3054,6.6
天体的秩序,3055,6.6
战场女武神,3056,6.6
永远之久远 第二章 混沌的兰舞,3057,6.5
但丁的地狱之旅：动画史诗,3058,6.1
我是真希酱。,3059,6.5
有你的小镇 OAD 黄昏交叉点,3060,6.5
男子啦啦队!!,3061,6.3
火影忍者 剧场版 终章,3062,6.6
乌托邦,3063,6.5
黑血兄弟,3064,6.5
地上最强新娘,3065,6.5
鬼父 Rebuild,3066,6.5
监狱战舰,3067,6.4
地下幻灯剧画 少女椿,3068,6.3
竞女,3069,6.6
高达创战者TRY 岛上战争,3070,6.4
血型君2,3071,6.6
High School D×D BorN,3072,6.6
小桃小栗 Love Love物语,3073,6.5
Kanon（东映版）,3074,6.6
收获之夜,3075,6.3
真・恋姬无双～少女大乱～,3076,6.5
我的脑内选项正在全力妨碍学园恋爱喜剧,3077,6.6
遥远时空中 八叶抄,3078,6.5
夏色奇迹,3079,6.6
迷你幼女战记,3080,6.4
海猫鸣泣之时,3081,6.6
亲吻姐姐,3082,6.6
钢之管弦乐,3083,6.3
七鬼神,3084,6.6
愛のカタチ,3085,6.1
アイドル☆シスター OAD,3086,6.2
冰川时代5：星际碰撞,3087,6.2
风之又三郎,3088,6.2
学生会的一己之见 Lv.2,3089,6.6
红领巾与王小明,3090,6.3
棺姬嘉依卡,3091,6.6
魔法少女什么的已经够了啦。第二季,3092,6.5
小木乃伊到我家,3093,6.5
名侦探柯南 16名嫌疑犯！？,3094,6.5
干支魂,3095,6.5
NEXT A-Class,3096,6.3
宫本武藏 双剑驰骋之梦,3097,6.2
人渣的本愿,3098,6.6
薄樱鬼 雪华录,3099,6.5
草莓100%,3100,6.6
KiraKira☆光之美少女 A La Mode,3101,6.2
侦探歌剧 少女福尔摩斯 Alternative ONE,3102,6.4
夢喰い－つるみく式ゲーム製作,3103,6.4
异世界食堂,3104,6.6
怪怪守护神,3105,6.6
前进，达瓦里希,3106,6.5
泰坦尼亚,3107,6.4
纯洁的轮舞曲,3108,6.5
动画锻炼！XX,3109,6.5
白色猎人,3110,6.3
夜勤病棟・弐,3111,6.3
英雄解体,3112,6.1
哆啦A梦 大雄的宇宙英雄记,3113,6.2
大悪司 番外編 「殺繚乱」,3114,6.0
西洋古董洋菓子店,3115,6.5
可塑性记忆,3116,6.6
数码兽拯救者 究极力量!爆裂模式发动,3117,6.2
阴守忍者,3118,6.1
长骑美眉,3119,6.5
死神剧场版 无人的回忆,3120,6.5
粗点心战争,3121,6.6
钢铁新娘,3122,6.5
ALL OUT!!,3123,6.2
JJ萌艺社,3124,6.5
苍狼,3125,6.1
锁链战记～赫克瑟塔斯之光～ 第1章,3126,6.3
森田同学很沉默,3127,6.6
遥远的世界,3128,6.4
追逐繁星的孩子,3129,6.6
少女编号,3130,6.6
SHOW BY ROCK!! SHORT!!,3131,6.5
欢乐课程,3132,6.3
迷茫管家与懦弱的我,3133,6.6
少女波子汽水,3134,6.4
笑颜,3135,6.4
成惠的世界,3136,6.2
妻中蜜3 THE ANIMATION,3137,6.4
守护甜心!!心跳,3138,6.5
撸时代,3139,6.3
神样家族,3140,6.3
东京猫猫,3141,6.4
吸血猫,3142,6.6
东京魔人学园剑风帖 龙龙,3143,6.4
H2O 赤砂的印记,3144,6.6
高地人 复仇之旅,3145,6.1
蓝龙,3146,6.2
探险托里兰托,3147,6.1
笨蛋的悲剧人生,3148,6.2
游戏王剧场版 真红眼黑龙,3149,6.3
夏虫 THE ANIMATION,3150,6.4
我女友与青梅竹马的惨烈修罗场,3151,6.6
萌幻变身,3152,6.0
学园催眠奴隶,3153,6.3
名侦探柯南 BONUS FILE 幻想曲之花,3154,6.3
少女们向荒野进发 OVA,3155,6.4
围棋少年,3156,6.5
犬神同学和猫山同学,3157,6.5
手冢治虫的佛陀～永无止境之旅～,3158,6.1
四娘物语,3159,6.4
境界的彼方 -I'LL BE HERE- 未来篇,3160,6.5
噬血狂袭,3161,6.6
個人授業～THE ANIMATION～Schoolgirl ready for a private lesson,3162,6.1
期待在地下城邂逅有错吗 OVA,3163,6.5
恶之华,3164,6.6
特別病棟,3165,6.0
稻荷恋之歌 OAD,3166,6.4
牝教師～淫辱の教室～,3167,6.1
アラルガンド The Animation,3168,6.2
こいなか -小田舎で初恋×中出しセクシャルライフ- THE ANIMATION,3169,6.4
秋叶原之旅,3170,6.5
超心动！艺术之星,3171,6.3
美少女战士Crystal 第二季,3172,6.2
山田君与7位魔女 OAD,3173,6.5
问答魔法学院,3174,6.2
恋爱☆迁都,3175,6.3
都市传说系列,3176,6.4
剧场版 精灵宝可梦超级愿望：比克提尼与白英雄 雷希拉姆,3177,6.4
长门有希酱的消失 OAD,3178,6.4
金田一少年事件簿R,3179,6.5
少年女仆,3180,6.5
世嘉硬件女孩,3181,6.5
一骑当千 集锷斗士血风录,3182,6.3
欢迎来到好色妖精之森,3183,6.3
不要撒娇呦!! 喝!!,3184,6.1
花右京女仆队,3185,6.3
小精灵灰豆,3186,6.2
BLACK GATE 姦淫の学園,3187,6.0
锁链战记～赫克瑟塔斯之光～ 第2章,3188,6.2
灼热的乒乓球娘,3189,6.5
调教女仆,3190,6.2
就算这样我还是爱着妻子,3191,6.4
蓝皮鼠和大脸猫,3192,6.4
西方善魔女,3193,6.0
紫音之王,3194,6.3
画江湖之不良人 第二季,3195,6.1
文学少女 剧场版,3196,6.5
剧场版 精灵宝可梦超级愿望：比克提尼与黑英雄 捷克罗姆,3197,6.3
大护法,3198,6.5
轮回的拉格朗日,3199,6.5
恶魔幸存者2,3200,6.5
小恶魔女友,3201,6.4
少女爱上姐姐 ～2人的Elder～,3202,6.4
地狱天使,3203,6.3
戦乙女ヴァルキリー あなたに全てを捧げます,3204,6.0
Phi-Brain～神之谜题3,3205,6.3
竖笛与双肩书包,3206,6.5
神偷奶爸3,3207,6.4
死囚乐园 OAD,3208,6.5
山贼的女儿罗妮娅,3210,6.2
血型君3,3211,6.5
大神与七位伙伴,3212,6.6
波子汽水,3213,6.3
黑暗中的小鸟们,3214,6.3
七大罪 圣战的预兆,3215,6.5
雨月,3216,6.5
农林,3217,6.6
约会大作战 OAD,3218,6.5
女皇之刃 叛乱 OVA,3219,6.4
女系家族～淫謀～,3220,6.3
怪物王女 OAD,3221,6.3
交响诗篇AO,3222,6.5
Code Geass 反叛的鲁路修 I 兴道,3223,6.2
真・恋姬无双,3224,6.5
超重神GRAVION,3225,6.2
魔物娘的同居日常 OAD,3226,6.2
奏光之Strain,3227,6.4
天使禁猎区,3228,6.4
健康全裸游泳社 海商,3229,6.5
机械女仆,3230,6.5
魔法使借贷公司,3231,6.5
皆中！Part.2,3232,6.0
女友不来探病的理由,3233,6.3
HIGH SCORE,3234,6.3
圣斗士星矢 最终圣战的战士们,3235,6.1
围棋少年2,3236,6.0
高校舰队 OVA,3237,6.4
御宅英文！魔法少女小缎带,3238,6.4
红白黑黄 第五季,3239,6.4
蒙特,3240,6.3
妻中蜜 THE ANIMATION,3241,6.0
暗杀教室 修学旅行篇,3242,6.5
K-On!:Ura-On!,3243,6.4
DEPTH OF FIELD ～ 爱与憎恨的剧场,3244,6.4
极上生徒会,3245,6.2
触手和巫女,3246,6.3
那年那兔那些事儿 第三季,3247,6.1
钢索危情,3248,6.4
我是御宅上班族,3249,6.2
黏黏糊糊!!角质君,3250,6.4
银盘万花筒,3251,6.3
花粉少女注意报,3252,6.4
击败罪恶！！白领侠,3253,6.1
无限之住人,3254,6.4
淫笑う看護婦 THE ANIMATION,3255,5.9
口唇之欲 ~御手洗先生家的事情~,3256,6.3
カフェ・ジャンキー,3257,6.2
新少年黄飞鸿,3258,5.9
精灵公主妮娜,3259,6.2
魔法加南,3260,6.1
干物妹！小埋R,3261,6.5
武装少女 OAD,3262,6.0
零之使魔 三美姬的轮舞,3263,6.5
杀戮都市 2nd Stage,3264,6.3
名侦探柯南 MAGIC FILE 2 ～工藤新一 谜之墙壁与黑色拉布犬事件～,3265,6.3
锁链战记～赫克瑟塔斯之光～ 第3章,3266,6.1
魔神之骨,3267,5.9
ToHeart2 迷宫旅行者,3268,6.4
DOG DAYS 第三季,3269,6.5
鬼畜 ～母姉妹調教日記～,3270,6.2
放学后的昴星团 网络放送版,3271,6.5
秋日天空 ～梦之中～,3272,6.5
翼神传说 间奏曲「她与她自己」,3273,6.0
期待在地下城邂逅有错吗 外传 剑姬神圣谭,3274,6.5
埃罗芒阿老师,3275,6.5
这个男人、工作是魔法,3276,6.1
打工小哥！,3277,6.2
玩伴猫耳娘 OVA,3278,6.4
境界的彼方 偶像裁判 ～即使迷茫也要制裁之民～,3279,6.5
假面女仆卫士,3280,6.4
闪乱神乐 ESTIVAL VERSUS -泳装满载的前夜祭-,3281,6.1
被狙击的学园,3282,6.5
圣黑木耳学园援交日记,3283,6.3
Angel Beats! 地狱厨房,3284,6.5
世界征服～谋略之星～,3285,6.5
めんくい！,3286,6.4
我的朋友很少 第0话,3287,6.5
亲爱一族,3288,6.1
兔宝的悲惨日常,3289,6.4
花冠之泪,3290,6.5
虫之歌,3291,6.5
30岁的保健体育,3292,6.5
瑶玲啊瑶玲,3293,6.4
桃华月惮,3294,6.4
视而不见,3295,6.4
鹡鸰女神～Pure Engagement～,3296,6.5
森田同学很沉默 OAD,3297,6.3
枪械少女 OAD,3298,6.3
闪电狗,3299,6.3
歌之王子殿下 真爱LEGEND STAR,3300,6.1
圣斗士星矢 神与神的激战,3301,6.0
妹妹公主,3302,6.4
后宫时间,3303,6.3
情热传说 the X,3304,6.5
秋之回忆5 中断的胶片,3305,6.0
龙娘七七七埋藏的宝藏,3306,6.5
超级机器人大战OG THE ANIMATION,3307,6.2
一击杀虫!! 小惠惠,3308,6.3
银狐,3309,6.5
加速世界 -银翼的觉醒-,3310,6.5
恋爱与选举与巧克力,3311,6.5
満淫電車,3312,6.1
永恒恋曲 ～Sweet Songs Forever～,3313,6.1
柯南对基德对铁剑 宝刀争夺大决战,3314,6.4
东京喰种:re,3315,6.2
RIN×SEN～白濁女教師と野郎ども～,3316,6.3
甜蜜偶像,3317,6.1
アマカノ,3318,6.3
伏 铁炮娘的捕物帐,3319,6.4
噬血狂袭 女武神的王国篇,3320,6.4
Toheart 回忆永恒,3321,6.3
秋日天空 OAD,3322,6.5
纯白交响曲,3323,6.5
女生爱女生,3324,6.4
MAID iN HEAVEN SuperS,3325,6.3
微笑的闪士,3326,6.3
名侦探柯南 天空的遇难船,3327,6.5
企鹅娘,3328,6.3
啦啦啦德玛西亚 第三季,3329,6.1
超时空要塞Δ,3330,6.5
義母の吐息～背徳心に漂う母の色香～,3331,6.0
双子ノ母性本能,3332,6.1
忘却的旋律,3333,6.2
淫妖虫,3334,6.1
RDG 濒危物种少女,3335,6.5
网球王子剧场版 英国庭球城决战！,3336,6.3
RE:人造人009,3337,6.4
Fate/Grand Order×冰室之天地～最强伟人7人篇～,3338,6.3
レイプ！レイプ！レイプ！,3339,6.0
诱惑,3340,6.1
妹妹公主 RePure,3341,6.2
星界死者之书,3342,6.1
实乃里Scramble!,3343,6.0
OZUMA,3344,6.3
修业魔女璐璐萌,3345,6.4
家庭教師のおねえさん2 THE ANIMATION～Hの偏差値あげちゃいます～,3346,6.2
名侦探柯南 柯南、平次与消失的少年,3347,6.3
超级恋人,3348,6.4
玩命游戏,3349,6.1
尸姬 玄,3350,6.4
碧蓝幻想,3351,6.5
梦幻馆,3352,6.2
拳皇的另一天,3353,6.2
魔塔大陆,3354,5.9
PANDRA 白き欲望 黒の希望 THE ANIMATION,3355,6.3
新世界 未来篇,3356,6.4
森田同学很沉默 OVA,3357,6.4
人工少女,3358,5.8
野球少年,3359,6.4
夏色的砂时计,3360,5.8
ツンプリ,3361,6.3
机巧魔神,3362,6.4
妖精的尾巴 剧场版 凤凰巫女,3363,6.4
旋风管家 HEAVEN IS A PLACE ON EARTH,3364,6.5
告白实行委员会 告白预演,3365,6.2
长门有希酱的消失,3366,6.5
K-On!!:Ura-On!!,3367,6.3
中二病也要谈恋爱！恋,3368,6.5
不公正抽签 OVA,3369,6.3
ToHeart2,3370,6.4
名侦探柯南 女子高中生侦探 铃木园子事件簿,3371,6.3
One Room,3372,6.5
AIR 剧场版,3373,6.5
露蒂的玩具 EX,3374,6.4
零之使魔～三美姬的轮舞～OVA,3375,6.4
萝球社 OAD,3376,6.4
鸽子血,3377,6.0
三坪房间的侵略者！,3378,6.5
ふくびき! トライアングル～美晴アフター～,3379,6.3
牙斗,3380,6.3
群居姐妹,3382,6.4
我相信我的女朋友,3383,6.3
女皇之刃 女王败北,3384,6.2
名侦探柯南 目标是小五郎！！少年侦探团的秘密调查,3385,6.3
死神剧场版 消逝于黑暗中 呼唤着你的名字,3386,6.4
「K」,3387,6.5
OVERLORD OAD,3388,6.3
香格里拉,3389,6.4
魔法少女小缎带 the TV,3390,6.3
爱吃拉面的小泉同学,3391,6.5
飯塚先輩×ブレザー ―姉キュン！より― THE ANIMATION,3392,6.1
名侦探柯南 追踪消失的钻石！柯南·平次VS基德,3393,6.3
血型君4,3394,6.3
黑姬 桎梏之馆,3395,6.2
魔法禁书目录 恩底弥翁的奇迹,3396,6.5
KERORO,3397,6.1
圣斗士星矢 黄金的苹果,3398,6.0
怪兽酒场 干杯！,3399,5.9
学园姐妹,3400,5.9
忧郁的物怪庵,3401,6.4
精灵宝可梦XY-破坏之茧与蒂安希,3402,6.2
端脑,3403,6.2
网球王子剧场版 二人的武士,3404,6.3
憨八龟的故事,3405,5.9
机动战士高达SEED MSV ASTRAY,3406,6.2
花木兰2,3407,5.9
竖笛与双肩书包 3☆,3408,6.4
歌之王子殿下 真爱2000%,3409,6.4
魔法学园MA,3410,6.3
火影忍者疾风传 剧场版 鸣人之死,3411,6.4
相对世界,3412,6.1
帕罗的未来岛,3413,6.3
Under The Dog,3414,6.4
一人之下,3415,6.4
怪兽娘～奥特怪兽拟人化计划～,3416,6.0
红壳的潘多拉,3417,6.4
少女×少女×少女 THE ANIMATION,3418,6.3
妹汁,3419,6.2
黑白小姐 第三季,3420,6.4
学園3～華麗なる悦辱～ THE ANIMATION,3421,6.1
告白实行委员会 我于此刻恋上你,3422,6.2
C3 -魔方少女-,3423,6.5
宫河家的空腹 OAD,3424,6.3
一骑当千 XTREME XECUTOR,3425,6.3
萝球社！,3426,6.5
2077日本锁国,3427,6.4
Love Live! Sunshine!!,3428,6.4
漆黑的子弹,3429,6.5
守护甜心!,3430,6.4
炎の孕ませ乳（パイ）ドルマイ★スター学園Z THE ANIMATION,3431,6.2
平成警察,3432,6.2
炎之孕转校生,3433,6.2
偷·窥·的·小·洞,3434,6.3
圣痕炼金士OAD 女帝的肖像,3435,6.0
告白实行委员会 嫉忌的答复,3436,6.2
哥斯拉：怪兽行星,3437,6.3
.hack//黄昏腕轮传说,3438,6.4
吸血鬼同盟,3439,6.4
棺姬嘉依卡 AVENGING BATTLE,3440,6.4
潜行吧！奈亚子 Remember My Love,3441,6.4
citrus～柑橘味香气～,3442,6.4
我们没有翅膀 OVA,3443,6.4
百变之星 妙啊！妙！,3444,6.1
动画锻炼！EX,3445,6.4
武装神姬 Moon Angel,3446,6.3
我不知道的妻子的面貌,3447,5.8
Rewrite 第二季,3448,6.4
Vividred Operation,3449,6.4
女高中生的腰技,3450,6.3
快盗天使 BREAK,3451,6.0
歌之王子殿下 真爱1000%,3452,6.4
T.P.樱,3453,6.2
火星异种 Bugs2号编,3454,6.3
虹色时光,3455,6.3
狼少女与黑王子 OAD,3456,6.1
姦染3 首都崩壊,3457,6.2
侦探歌剧 少女福尔摩斯 TD,3458,6.3
魔法小恶魔！,3459,5.9
火影忍者疾风传 剧场版 鸣人、魔神与三个愿望,3460,6.2
王牌御史,3461,6.0
HHH トリプルエッチ,3462,6.3
神枪少女 -IL TEATRINO-,3463,6.4
潜行吧！奈亚子,3464,6.4
歌之王子殿下 真爱REVOLUTIONS,3465,6.3
龙与虎SOS～贪吃鬼万万岁～,3466,6.4
快乐方程式,3467,6.0
罪恶王冠,3468,6.5
相思相爱笔记本,3469,6.2
名侦探柯南 传说中的球棒的奇迹,3470,6.2
夜樱四重奏,3471,6.4
漫喫ハプニング,3472,6.3
黑白小姐 第二季,3473,6.4
DARCROWS,3474,5.8
月面兔兵器米娜,3475,6.3
我家浴缸的二三事,3476,6.4
传颂之物 虚伪的假面,3477,6.4
LOST SONG,3478,5.8
青之驱魔师 OAD,3479,6.0
粗点心战争2,3480,6.4
杀戮公主,3481,6.4
美男高校地球防卫部LOVE！LOVE！,3482,6.2
架向星空之桥 OVA,3483,6.4
宇宙海贼萨拉,3484,6.3
火影忍者剧场版 大活剧！雪姬忍法帖！！,3485,6.4
魔性之线DEVIL'S LINE,3486,5.8
火影忍者疾风传 剧场版 火之意志的继承者,3487,6.4
足球骑士,3488,6.3
重力眩晕 序章,3489,6.1
一年级大个子二年级小个子,3490,6.2
秦时明月之特别篇罗生堂下,3491,6.0
SHOW BY ROCK!! 第二季,3492,6.3
只要你说你爱我 OAD,3493,6.2
FORTUNE ARTERIAL -赤之约束- OAD,3494,6.3
女皇之刃 流浪的战士,3495,6.4
春恋＊乙女 ～乙女の園で逢いましょう。～,3496,5.9
爱情泡泡糖,3497,6.2
星际海盗,3498,6.0
戦乙女ヴァルキリー2,3499,5.8
创圣的大天使,3500,6.4
我与美咲老师,3501,6.0
兄弟战争OVA,3502,6.0
超级机器人大战OG -The inspector-,3503,6.3
旋风管家 Cuties,3504,6.4
新・最終痴漢電車,3505,5.8
革命机Valvrave,3506,6.4
祝福的钟声 OVA,3507,6.2
ドロップアウト,3508,6.1
魔法少女什么的已经够了啦。,3509,6.4
破天荒游戏,3510,6.3
驱魔少年 HALLOW,3511,6.3
姐姐来了,3512,6.4
Fate/EXTRA Last Encore,3513,6.4
魔界天使 第二季,3514,5.9
黑岩射手,3515,6.4
温泉巡礼,3516,6.1
V.G.NEO THE ANIMATION,3517,5.9
妖怪名单,3518,5.9
僵尸借贷,3519,6.4
漂亮爸爸,3520,6.3
三丽鸥男子,3521,5.8
輪罠（わな）～白濁まみれの放課後～,3522,6.1
从很久以前就喜欢你了。～告白实行委员会～,3523,6.3
YU-NO,3524,5.8
完美小姐进化论,3525,6.4
在下坂本，有何贵干？,3526,6.4
第一次的Gal OAD,3527,5.8
浮浮啾啾,3528,6.2
剧场版 精灵宝可梦超级愿望—最终章—：神速的盖诺赛克特 超梦觉醒,3529,6.2
あらいめんとゆーゆー THE ANIMATION,3530,5.7
SHUFFLE!,3531,6.4
吸血鬼骑士 Guilty,3532,6.4
半田君,3533,6.4
独蛾～THE ANIMATION～,3534,6.1
姐姐的妄想日记OAD,3535,6.1
ましゅまろ★いもうと★さっきゅばす★,3536,5.9
山姫の実,3537,5.8
无畏魔女,3538,6.4
OPPAI ライフ,3539,5.8
淫落的血族2,3540,6.3
铁拳：血之复仇,3541,6.1
新网球王子,3542,6.4
名侦探柯南 来自伦敦的秘密指令,3543,6.3
东月西阳,3544,5.8
愛妻日記,3545,5.7
魔法老师涅吉！,3546,6.3
奴隶兔与安东尼,3547,6.2
文豪野犬,3548,6.4
小鲤鱼历险记,3549,6.0
探索者的目标,3550,6.1
MM一族,3551,6.4
悪の女幹部 フルムーンナイト,3552,5.9
黑魔女学园,3553,6.3
魔物娘的同居日常,3554,6.4
星星公主,3555,6.0
恐怖！僵尸猫,3556,5.8
爆音少女!!,3557,6.3
鬼眼狂刀,3558,6.3
Love Live! OVA,3559,6.3
有你的小镇 OAD,3560,6.1
伯爵与妖精,3561,6.4
レジデンス,3562,5.9
独占我的英雄,3563,6.3
12岁。小小的胸口心跳加速 第二季,3564,6.2
きみはぐ,3565,5.8
东京喰种,3566,6.4
尸体派对 Tortured Souls,3567,6.4
同人WORK,3568,6.2
ペットライフ テンゴロ編,3569,6.0
名侦探柯南 来自阿笠的挑战书！阿笠VS柯南&少年侦探团,3570,6.2
オトメ＊ドメイン THE ANIMATION,3571,6.0
境界的彼方 -I'LL BE HERE- 过去篇,3572,6.4
火影忍者剧场版 木叶大运动会,3573,6.3
ガーデン THE ANIMATION,3574,6.1
月歌,3575,6.2
品酒要在成为夫妻后,3576,6.4
なりゆき→パパ活GIRLS!! THE ANIMATION,3577,5.7
Happiness Charge 光之美少女!,3578,6.2
HEROMAN,3579,6.3
POP IN Q,3580,6.0
プリーズ・○○○・ミー！,3581,6.2
东京喰种 JACK,3582,6.3
暗夜起源,3583,6.0
公立海老栖川高校天闷部 OAD,3584,6.2
增血鬼果林,3585,6.2
超级机器人大战OG 圣战,3586,6.2
百花缭乱 SAMURAI GIRLS,3587,6.4
好色女教师,3588,6.1
喧哗番长 乙女 Girl Beats Boys,3589,5.8
Innocent Blue,3590,6.1
巨乳人妻女教师催眠,3591,6.1
天国少女,3592,6.1
金正恩奇遇记,3593,5.8
BUDDY COMPLEX,3594,6.3
清恋,3595,6.4
姉汁 THE ANIMATION～白川三姉妹におまかせ～,3596,6.2
秘湯めぐり 隠れ湯,3597,6.1
我的妹妹是「大阪大妈」,3598,6.3
Sacred Seven,3599,6.4
催眠学園,3600,5.7
薄樱鬼 碧血录,3601,6.4
天上天下,3602,6.3
青春歌舞伎,3603,6.1
情热传说～导师的黎明～,3604,6.3
那年那兔那些事儿 第二季,3605,6.1
高达创形者,3606,5.7
最终幻想VII：通往笑容之路 丁塞尔篇,3607,6.1
フルエルクチビル,3608,5.9
尸姬 赫,3609,6.3
午睡公主～我不为人知的故事～,3610,6.2
学园天堂,3611,6.2
洲崎西 THE ANIMATION,3612,6.3
ONE～辉之季节～ True Stories,3613,6.2
炎の孕ませ同級生,3614,5.9
橘色奇迹,3615,6.3
聖ブリュンヒルデ学園 少女騎士団と純白のパンティ THE ANIMATION,3616,6.1
中国惊奇先生,3617,6.2
每度！浦安铁筋家族,3618,6.2
俘虏的枷锁 玷污处女们的淫乱之楔,3619,6.0
euphoria,3620,6.3
猫咪日常,3621,6.3
魔法少女奈叶ViVid,3622,6.3
宅饮。,3623,6.3
黑色残骸,3624,6.3
姉汁2 THE ANIMATION～白川三姉妹におまかせ～,3625,6.2
十字架与吸血鬼 CAPU2,3626,6.3
加速世界 -加速的顶点-,3627,6.3
鬼父2,3628,6.3
初夏,3629,5.7
人妻凌辱参観日,3630,5.7
六花的勇者,3631,6.4
约会大作战,3632,6.4
一骑当千 Extravaganza Epoch,3633,6.1
石膏男孩,3634,6.3
地球队长,3635,6.3
ChargeMan研,3636,6.2
秋之回忆 OVA,3637,5.7
机巧少女不会受伤,3638,6.4
小糊涂神,3639,6.2
雏子的笔记,3640,6.3
死神剧场版 钻石星尘的反叛！另一个冰轮丸,3641,6.3
魔法少女伊斯卡,3642,5.9
银发的阿基多,3643,6.2
超级弹丸论破2.5 狛枝凪斗与世界的破坏者,3644,6.2
法外制裁者 OAD,3645,6.0
乳母,3646,5.6
魔鬼恋人 OAD,3647,5.8
绯色的欠片 第二章,3648,6.0
ドキドキ母娘レッスン 〜教えて♪Hなお勉強〜,3649,5.7
CLEAVAGE,3650,5.9
交响诗篇AO 少女之花,3651,6.2
狂欢节,3652,6.3
光之美少女全明星 春之嘉年华♪,3653,5.8
吟游默示录,3654,5.8
美男高校地球防卫部LOVE！,3655,6.3
借金姉妹,3656,5.8
怪物王女,3657,6.2
直入高潮 欢迎来到生粹庄,3658,6.0
乳色吐息,3659,6.1
悠久持有者！OAD,3660,5.7
新体操（真）,3661,5.9
School,3662,5.9
巨乳トライ！ -短期集中乳揉みレッスン-,3663,5.6
Love Live! Sunshine!! 第二季,3664,6.3
催眠凌辱学園,3665,5.8
魔术快斗1412,3666,6.3
战姬绝唱SYMPHOGEAR,3667,6.3
女生万岁 second season,3668,6.1
火影忍者 特别篇 炎之中忍试验！鸣人VS木叶丸！！,3669,6.0
吸血鬼骑士,3670,6.3
独眼巨人少女斎枫～,3671,6.2
魔界天使 第三季,3672,5.7
狼少女与黑王子,3673,6.3
一骑当千 Dragon Destiny,3674,6.3
3D彼女,3675,5.6
神曲のグリモワール THE ANIMATION,3676,5.9
浪客剑心 新京都篇,3677,6.2
女皇之刃 叛乱,3678,6.2
黑岩射手,3679,6.4
名侦探柯南 战栗的乐谱,3680,6.3
东京喰种 PINTO,3681,6.2
德玛娜说少女,3682,5.9
デカくてエッチな俺の姉,3683,5.9
火影忍者疾风传 剧场版 羁绊,3684,6.3
将国之天鹰星,3685,6.2
婚前忧郁症,3686,5.9
再来一次好吗?,3687,5.8
大叔与棉花糖,3688,6.3
热风海陆bushiroad,3689,6.2
命运九重奏,3690,6.2
武装炼金,3691,6.2
Active Raid -机动强袭室第八课-,3692,6.3
ヘルタースケルター～白濁の村～,3693,6.1
偶像大师 Live For You!,3694,5.8
魍魎の贄,3695,5.8
思春期少女,3696,5.8
"I""s 夏日物語",3697,5.6
青年黑杰克,3698,6.3
透明人間,3699,5.6
おしゃぶりアナウンサー,3700,5.8
おっぱいハート～彼女はケダモノ発情期ッ!～,3701,6.0
死神剧场版 地狱篇,3702,6.2
Happiness!,3703,6.2
爆音少女!! OAD,3704,6.0
噬神者,3705,6.3
高达创战者TRY,3706,6.3
一骑当千 Great Guardians,3707,6.2
南镰仓高校女子自行车社,3708,6.0
超昂閃忍ハルカ,3709,5.9
姐姐 喜欢 爱・讨厌・最喜欢了。,3710,5.9
都合のよいセックスフレンド？,3711,6.0
双恋,3712,6.2
强袭魔女 OVA,3713,6.2
Love Selection,3714,5.8
AKB0048,3715,6.3
野良和皇女和流浪猫之心,3716,6.2
黑白小姐 OVA 足球篇,3717,6.2
齐木楠雄的灾难,3718,6.0
au未来研究所,3719,5.7
迷糊软网社,3720,6.2
特別授業3SLG THE ANIMATION,3721,6.0
最强会长黑神,3722,6.3
鬼父 化ケーション,3723,5.9
失忆煽动WIXOSS,3724,6.2
Shocking Pink!,3725,5.6
BanG Dream!,3726,6.2
石田和朝仓,3727,6.2
黑白来看守所 第二季,3728,6.1
BUDDY COMPLEX 完结篇 -回到那片天空的未来-,3729,6.2
巨乳大家族催眠,3730,5.6
剧场版 黑子的篮球 LAST GAME,3731,6.0
魂インサート,3732,6.0
君の魔名はリナ・ウィッチ アイドルのファミリア,3733,5.7
鬼父 Refresh,3734,6.1
小茜的狂热追求者,3735,5.7
下级生2 ～瞳孔中的少女们～,3736,5.6
钢壳都市雷吉欧斯,3737,6.3
メイド姉,3738,5.6
CROSS ANGE 天使与龙的轮舞,3739,6.3
这丑陋又美丽的世界,3740,6.2
苍之彼方的四重奏,3741,6.3
活击 刀剑乱舞,3742,6.2
姫騎士アンジェリカ,3743,5.7
星空奇迹,3744,5.8
巨乳家族催眠,3745,5.8
海物语～有你陪伴～,3746,6.2
圣剑锻造师,3747,6.3
横恋母～Immoral Mother～,3748,5.8
15美少女漂流记,3749,6.2
欢迎来到实力至上主义教室,3750,6.3
我太受欢迎了该怎么办,3751,6.2
薄樱鬼,3752,6.3
黑白小姐 「经纪人」,3753,6.1
いただきっ!セーエキ,3754,5.8
あねき… MY SWEET ELDER SISTER THE ANIMATION,3755,5.7
烟花,3756,6.3
轮奸俱乐部,3757,6.1
爱神巧克力,3758,6.1
境界触发者,3759,6.2
聖娼女 THE ANIMATION,3760,6.0
TRINITY SEVEN 七人魔法使 OAD,3761,6.1
龙王的工作！,3762,6.3
玩伴猫耳娘,3763,6.3
心灵侦探八云,3764,6.3
火影忍者疾风传 剧场版 失落之塔,3765,6.2
露蒂的玩具,3766,6.3
洗濯屋しんちゃん,3767,6.1
Code:Realize ～创世的姬君～,3768,6.0
館 ～官能奇譚～,3769,6.0
暗芝居 第二季,3770,6.2
True Blue 外传,3771,5.9
DISCODE 异常性爱,3772,5.7
悪の女幹部,3773,5.7
乃木坂春香的秘密 Finale♪,3774,6.1
皆中！Part1,3775,5.9
青春纪行,3776,6.3
极上！！超人气委员长,3777,5.5
IS〈无限斯特拉托斯〉,3778,6.3
玻璃舰队,3779,5.5
遥远时空中 紫阳花物语,3780,5.7
Sacred Seven 银月之翼,3781,5.9
ViVid Strike!,3782,6.2
机动战士高达SEED DESTINY,3783,6.3
进击！巨人中学校,3784,6.2
源氏物语千年纪,3785,6.2
骑士&魔法,3786,6.3
母女盖饭,3787,5.7
純情少女エトセトラ,3788,5.6
死灵编码 世界操纵者,3789,5.5
羈绊 一击,3790,6.0
机神咆吼Demonbane,3791,6.0
地狱少女 宵伽,3792,6.2
FORTUNE ARTERIAL -赤之约束-,3793,6.3
女孩子真的也很色喔,3794,5.9
迷途猫OVER RUN,3795,6.3
公開便所 THE ANIMATION,3796,5.9
大头儿子和小头爸爸,3797,6.2
小小大叔,3798,6.1
一起来H吧,3799,5.6
兔龟,3800,6.0
STRANGE+,3801,6.2
蓝猫淘气3000问,3802,6.2
ZETMAN,3803,6.3
フェラハメりっぷす,3804,5.8
アンスイート－寝取られ堕ちた女たち－,3805,5.8
锁链战记,3806,5.7
淫妖虫 蚀 凌触岛退魔录,3807,5.8
新妹魔王的契约者 OAD,3808,6.1
疾走王子 Alternative,3809,6.2
情热传说 the X 第二季,3810,6.2
妹天堂,3811,5.8
小飞翔魔女,3812,5.8
和爸爸KISS,3813,6.1
姦染2 淫罪都市,3814,5.9
町ぐるみの罠～白濁にまみれた肢体～,3815,6.0
魔弹之王与战姫,3816,6.3
时间旅行少女～真理、和花与8名科学家～,3817,6.1
最终幻想15 兄弟情,3818,6.0
其实我是,3819,6.1
学战都市Asterisk 第二季,3820,6.2
四圣兽 ～圣兽降临篇～,3821,5.5
从零开始的魔法书,3822,6.3
天使特警2,3823,5.9
猎天使魔女 血色命运,3824,6.1
罪恶王冠 失落的圣诞节 an episode of port town,3825,6.2
缘之空,3826,6.3
お嬢様はHがお好き～THE ANIMATION～,3827,5.9
少女战机Soul Eater,3828,5.5
染红的街道,3829,6.3
妖精的尾巴 剧场版 DRAGON CRY,3830,5.5
腐男子高校生活,3831,6.2
最終痴漢電車NEXT,3832,6.0
懲罰指導（おしおき）～学園令嬢更性計画～,3833,5.6
虏姬：涂满白浊的大小姐,3834,5.8
秘书课秘蜜情事,3835,5.7
Floating Material,3836,5.9
名侦探柯南 殷红的恋歌,3837,6.2
圣光之翼,3838,5.4
极乐院女子高寮物语,3839,6.1
凌辱人妻温泉,3840,5.7
武装神姬,3841,6.2
乙女蹂躙遊戯～Maiden Infringement Play～,3842,5.7
炎之孕大奶★工口 app学园,3843,5.7
我能行,3844,6.1
3PingLovers!☆一夫二妻の世界へようこそ♪ THE ANIMATION,3845,5.9
加素世界,3846,6.0
当男孩遇到后宫,3847,5.8
一起做运动吧,3848,5.9
革命机Valvrave 第二季,3849,6.3
水母食堂,3850,5.7
欲望学院 零,3851,5.9
椎葉さんのウラの顔 with イモートリップ,3852,5.6
魔法少女STAR花音100%,3853,6.2
虫奉行,3854,6.2
Sweet Home～Hなお姉さんは好きですか？～,3855,5.7
剧场版 精灵宝可梦超级愿望：酋雷姆VS圣剑士 凯路迪欧,3856,5.9
异度传说,3857,5.7
感染 淫欲の連鎖,3858,5.8
恥辱の制服,3859,5.8
夜勤病棟・参,3860,5.8
猜谜王,3861,6.0
战国无双SP 真田之章,3862,5.6
魔法少女艾丽娜,3863,5.9
かがち様お慰め奉ります ～寝取られ村淫夜噺～ THE ANIMATION,3864,5.8
DOG DAYS,3865,6.2
K 诸王归来,3866,6.2
少女戦機 ブレインジャッカー,3867,5.4
百花缭乱 SAMURAI BRIDE,3868,6.2
寝取られファイター ヤリっちんぐ！,3869,5.4
毁灭世界的六人,3870,6.2
少交女 THE ANIMATION,3871,6.0
刀剑神域 Extra Edition,3872,6.2
架向星空之桥,3873,6.2
新安琪莉可Abyss,3874,5.8
魔界王子,3875,6.2
秋之回忆 2nd OVA,3876,5.5
心之国爱丽丝 剧场版,3877,5.7
魔兽净化少女Utea,3878,5.8
守护猫娘绯鞠,3879,6.2
枪械少女,3880,6.2
おっぱいの王者48,3881,5.8
出云战记,3882,5.5
万能蔬菜卜卜侠,3883,5.9
装神少女小缠,3884,6.2
冥刻學園 受胎編,3885,5.7
鶺鴒女神,3886,6.2
禁断の病棟 THE ANIMATION,3887,5.9
IS OVA 渴望热恋的六重奏,3888,6.2
天降之物Final 永远的我的鸟笼,3889,6.2
魔法少女网站,3890,5.9
公主公主,3891,6.1
灵感少女,3892,6.2
魔具少女！OAD,3893,5.9
ピスはめ！,3894,5.7
R-15 OAD,3895,6.0
美少女战士Crystal,3896,6.1
魔法护士小麦R,3897,6.0
Last Waltz～白濁まみれの夏合宿～,3898,5.8
模型战士高达模型制作家 起始G,3899,6.0
中二病也要谈恋爱！剧场版 小鸟游六花・改,3900,6.2
B型H系,3901,6.2
当不成勇者的我，只好认真找工作了。 OAD,3902,6.0
十万个冷笑话电影版,3903,6.1
SA特优生,3904,6.2
ICE,3905,5.7
名侦探柯南 沉默的15分钟,3906,6.2
斩·赤红之瞳！,3907,6.2
重装武器,3908,6.2
香蕉猫咪,3909,5.6
Implicity,3910,5.3
明日的与一,3911,6.2
21時の女,3912,5.5
舞兵器舞乱伎 星之巨人,3913,6.0
乙女恥曝遊戯,3914,5.7
牝性 －ペルソナ－,3915,5.6
染红的街道 OVA,3916,6.1
神曲奏界Polyphonica crimson S,3917,6.1
幕末义人传 浪漫,3918,5.9
真章 梦幻馆 Epilogue,3919,5.9
マヨヒガのお姉さん THE ANIMATION,3920,5.7
公立海老栖川高校天闷部,3921,6.2
ぱいずりチアリーダーVS搾乳応援団！,3922,5.4
女生万岁 first season,3923,6.0
淫妖虫 悦 怪乐变化退魔录,3924,5.6
かくしデレ,3925,5.6
欲情火箭筒,3926,5.8
雾谷伯爵家的六姐妹,3927,6.0
鬼斩,3928,6.1
漫研部,3929,6.1
アマネェ!,3930,5.4
名侦探柯南 异次元的狙击手,3931,6.2
Jewelry THE ANIMATION,3932,5.3
真月谭月姬,3933,6.2
プリンセスナイト☆カチュア,3934,5.7
掉线神域,3935,5.9
数码兽合体战争,3936,6.0
华丽一族,3937,5.7
锁链战记～赫克瑟塔斯之光～,3938,6.0
王室教师海涅,3939,6.1
喜欢就是喜欢,3940,6.0
钢铁的复仇,3941,5.4
大家集合！Falcom学园,3942,6.1
扶她部,3943,5.9
牙狼 红莲之月,3944,5.9
穿越宇宙的少女,3945,6.1
火影忍者剧场版 大激突！幻之地底遗迹,3946,6.1
催眠術ZERO,3947,5.6
最终幻想：灵魂深处,3948,6.0
恋まぐわい ～忘却の妖狐～,3949,5.7
只要你说你爱我,3950,6.2
WIZARD GIRL AMBITIOUS,3951,6.0
サムライホルモン,3952,5.3
健全机斗士,3953,6.1
ALICE or ALICE,3954,5.8
Code Geass 反叛的鲁路修 娜娜莉梦游仙境,3955,6.1
BRAVE10～真田十勇士～,3956,6.2
我的狐仙女友 ～真夏的大谢肉祭～,3957,6.1
メスのちトラレ,3958,5.9
天然恋色アルコール,3959,5.6
すぽコン！～SPORTS WEAR-COMPLEX～,3960,5.7
12岁。,3961,5.8
线上游戏的老婆不可能是女生？,3962,6.2
三和,3963,5.6
ネトラレ ～田辺優香の独白～,3964,5.4
萌单,3965,6.1
ヤバい! ―復讐・闇サイト―,3966,5.8
幻影少年,3967,6.1
Re:CREATORS,3968,6.2
午後の紅潮 ～純愛メロウより～,3969,5.4
初音岛III,3970,6.1
笑对阴天,3971,6.1
绝顶火箭,3972,5.5
绯弹的亚里亚,3973,6.2
真・燐月,3974,5.5
玻璃之花与崩坏的世界,3975,6.2
数码兽合体战争 穿越时空的少年猎人们,3976,5.9
幻影,3977,5.7
七色星露,3978,6.1
我太太是高中生,3979,5.9
神圣十月,3980,5.7
Piacevole～我的意大利料理～,3981,5.5
一骑当千,3982,6.1
恋姬无双,3983,6.1
一起睡觉吧,3984,5.6
敦君与女朋友,3985,5.3
我老婆是学生会长！ OAD,3986,6.0
天上掉下个猪八戒,3987,5.6
キメ恋！高嶺の華と幼なじみがキマった理由,3988,5.7
欢迎光临！水龙敬乐园,3989,5.8
十字架与吸血鬼,3990,6.1
望实与君雄,3991,5.9
绝灭危愚少女,3992,5.9
おっぱい学園マーチングバンド部！,3993,5.6
BLOOD-C The Last Dark,3994,6.1
献给某飞行员的恋歌,3995,6.1
恋乳ているず THE ANIMATION,3996,5.3
凌成敗！～学園美少女制裁秘録～,3997,5.9
生化危机 复仇,3998,5.8
少女から娼女へ…,3999,5.5
搞姬日常,4000,6.2
圣斗士星矢 黄金魂 -soul of gold-,4001,5.9
青春水球社,4002,5.3
少年女仆～天使之歌～,4003,5.8
巧克力小狗,4004,5.5
ふぇちかの！,4005,5.4
遥远时空中3 无尽的命运,4006,5.6
女武神驱动 MERMAID,4007,6.1
黑执事II,4008,6.2
Copihan,4009,5.6
恶魔克星~色色的恶魔退治~,4010,5.5
百花缭乱 SAMURAI AFTER,4011,5.5
小森同学拒绝不了！,4012,6.1
尸兄,4013,6.1
鬼父2-REVENGE-,4014,5.9
少女骑士物语,4015,6.1
恋骑士,4016,5.9
艾斯卡与罗吉的工作室～黄昏之空的炼金术士～,4017,6.1
电梯小姐,4018,5.4
肯普法 为了爱,4019,6.0
姫様限定！,4020,5.9
火影忍者疾风传 剧场版 血狱,4021,6.0
姫騎士オリヴィア,4022,5.7
对魔忍阿莎姬3,4023,5.5
时间支配者,4024,5.2
食梦者玛利,4025,6.1
手机少女,4026,5.5
哥拉尔骑士团,4027,5.6
Fantasista Doll,4028,6.0
面包带来和平！,4029,6.0
侧车搭档,4030,5.9
鱼,4031,6.1
战斗妖精少女 救救我！小Mave,4032,5.2
神曲奏界,4033,5.9
清纯看护学院,4034,5.8
未亡人日記～憧れのあの女（ひと）と一つ屋根の下～,4035,5.7
暗芝居 第五季,4036,5.8
失忆症,4037,6.1
CLANNAD 剧场版,4038,6.1
舰队Collection 剧场版,4039,6.1
受胎島,4040,5.7
大图书馆的牧羊人,4041,6.1
.hack//根源,4042,5.9
First Love,4043,5.8
乃木坂春香的秘密 purezza♪,4044,6.1
AIKa ZERO,4045,5.9
妹ビッチに搾られたい,4046,5.6
元素猎人,4047,5.4
家有色邻,4048,5.9
姐姐的妄想日记 霭子姐那即使从本篇中跑出来也停不下来的独角戏,4049,5.7
肉牝R30 ～肉欲に堕ちた牝たち～ THE ANIMATION,4050,5.2
无彩限的怪灵世界,4051,6.1
恶魔之谜,4052,6.1
娇蛮之吻,4053,5.9
鬼泣,4054,6.0
伊藤润二惊选集,4055,5.9
如果她的旗帜被折断了 OAD,4056,5.8
名侦探柯南 纯黑的恶梦,4057,6.1
游魂 -Kiss on my Deity-,4058,6.1
你是主人我是仆,4059,6.1
御神乐学园组曲,4060,6.1
不公正抽签,4061,6.0
空战魔导士候补生的教官 OAD,4062,5.3
零度战姬Vibration,4063,6.0
数码兽大冒险 tri. 第三章「告白」,4064,6.0
学园帅哥,4065,5.8
少女教育,4066,5.5
もう挟まずにはいられない,4067,5.2
漫画少女,4068,6.0
侠猪布塔,4069,5.8
青鬼,4070,5.8
鬼父2 -harvest-「天然巨乳のハメ鬱日和」,4071,5.7
ヌキどきッ！ ～天使と悪魔の搾精バトル～,4072,5.8
有你的小镇,4073,6.1
Arve Rezzle 机器化的妖精们,4074,6.0
偶像大师 XENOGLOSSIA,4075,6.0
兽装机攻断空我NOVA,4076,5.6
噬魂师NOT！,4077,6.1
TSF物語,4078,5.9
爸爸love,4079,5.8
母娘乱館 THE ANIMATION,4080,5.7
Reunion,4081,5.9
ネトラレヅマ,4082,5.5
那年那兔那些事儿,4083,6.0
三人行必有我妹 OVA,4084,5.8
少年好莱坞,4085,5.7
没有钱,4086,6.0
绝对纯白 魔法少女,4087,5.8
Vampire,4088,5.2
不要输！！恶之军团！,4089,5.6
かぎろひ～勺景～,4090,5.6
IS2 OVA 世界清洗篇,4091,6.0
Diabolus ～鬼哭～,4092,5.6
DAYS,4093,5.9
空罐少女！千罐一发！？温泉危机,4094,5.8
貴方ハ私ノモノ -ドS彼女とドM彼氏-,4095,5.4
人狼暗号1951,4096,5.3
肢体洗,4097,5.2
SD高达三国传,4098,5.7
节哀唷♥二之宫同学,4099,6.0
乃木坂春香的秘密,4100,6.1
喜羊羊与灰太狼之虎虎生威,4101,5.6
尸体派对 迷失的舞步,4102,6.0
绝对防卫利维坦,4103,5.9
认真和我恋爱！！,4104,6.1
学园默示录 番外篇,4105,6.1
御魂 ～忍～,4106,5.4
大小姐 嫁入战争,4107,5.8
人生,4108,6.0
比基尼勇士,4109,6.0
不正经的魔术讲师与禁忌教典,4110,6.1
火星异种,4111,6.0
女装正太 PICO～我的夏季小物语,4112,5.9
斗技场的战姫,4113,5.4
バカだけどチンチンしゃぶるのだけはじょうずなちーちゃん,4114,5.5
傲娇淫乱少女优,4115,5.6
政宗君的复仇,4116,6.1
Muv-Luv Alternative Total Eclipse,4117,6.1
JUNK LAND THE ANIMATION,4118,5.2
天使的3P!,4119,6.0
GO!GO!575,4120,6.0
グリーン・アイズ -姉キュン！より- THE ANIMATION,4121,5.3
十万个冷笑话 第二季,4122,5.9
夜這いする七人の孕女,4123,5.3
仙境传说,4124,5.8
たゆたゆ,4125,5.4
虜ノ契 ～家族のために身体を差し出す姉と妹～,4126,5.4
恋愛不要学派 THE ANIMATION,4127,5.5
尸者的帝国,4128,6.0
宫河家的空腹,4129,6.0
音乐少女,4130,5.8
大耳朵图图,4131,5.6
公主恋人！,4132,6.1
傲娇女仆是工口妹,4133,5.7
黑之宣告,4134,6.0
我的妹妹是A罩杯小恶魔,4135,5.7
分形世界,4136,6.1
ONE～辉之季节～,4137,5.8
苍蓝世界的中心,4138,5.9
救救草食系的我吧！,4139,5.8
法兰雀丝卡,4140,5.3
曾几何时天魔的黑兔 OAD,4141,5.8
无赖勇者的鬼畜美学,4142,6.1
名侦探柯南 绀碧之棺,4143,6.1
青空下的约定,4144,5.9
弑神者,4145,6.1
永不消失的彩虹,4146,5.9
妹妹恋人,4147,5.7
动画同好会,4148,6.0
众神的恶作剧,4149,5.9
牝教師4 ～穢された教壇～,4150,5.7
第一小队,4151,5.7
管家后宫学园,4152,6.0
旋风管家 CAN'T TAKE MY EYES OFF YOU,4153,6.0
变态！,4154,5.9
COSPLAY露出研究会,4155,5.3
全职高手,4156,6.0
春&夏推理事件簿～春太与千夏的青春～,4157,6.0
神兵小将,4158,5.4
千岁 Get you!!,4159,5.8
Wanna. ～SpartanSex Spermax!!!～,4160,5.6
孕ませて青龍君,4161,5.5
クリムゾンガールズ ～痴漢支配～,4162,5.6
最近我的妹妹有点怪 OAD,4163,5.9
Brandish,4164,5.8
战刻夜想曲,4165,5.1
今天开始恋爱吧,4166,5.7
穿透幻影的太阳,4167,6.0
暗夜魔法使,4168,5.9
戦乙女ヴァルキリーG ～戦乙女達の黄昏～,4169,5.4
简单易懂的现代魔法,4170,6.0
Phi-Brain～神之谜题,4171,6.0
雨芳恋歌,4172,5.8
えなじぃキョーカ!!,4173,5.1
ぺろぺろ☆てぃーちゃー,4174,5.4
圣痕炼金士,4175,6.0
天上人与亚克托人最后的战斗,4176,5.7
ビーチクビーチ～南国乳辱撮影会～,4177,5.2
机动战士高达 暮光的阿克西斯,4178,5.5
武装机甲,4179,5.9
ヌーディストビーチに修学旅行で!! THE ANIMATION,4180,5.6
零度战姬,4181,6.0
没有黄段子存在的无聊世界,4182,6.0
授课到天亮Chu!,4183,5.9
本当にあった人妻不倫告白 本村陶子の場合,4184,5.3
刀使的巫女,4185,5.9
戏剧性谋杀,4186,5.9
爱·天地无用！,4187,5.7
円交少女～陸上部ゆっきーの場合～THE ANIMATION,4188,5.5
Dark Blue,4189,5.9
フリフレ THE ANIMATION ～制服堕天使の课外授业～,4190,5.6
霸穹 封神演义,4191,4.9
今からアタシ……,4192,5.3
BALDR FORCE EXE RESOLUTION,4193,5.6
ナツヤスミ.,4194,5.1
JKとエロコンビニ店長,4195,5.6
魔力充电娘,4196,5.9
AIKa R-16:处女任务,4197,5.8
四圣兽 光阴叙事诗天使谭,4198,5.4
秘湯めぐり 隠れ湯 舞桜編,4199,5.7
最后大魔王,4200,6.0
D-spray,4201,5.4
少女们的茶道ism THE ANIMATION,4202,5.5
BLOOD-C,4203,6.0
我老婆是学生会长,4204,6.0
荔枝DE光之俱乐部,4205,5.8
OZMAFIA!!,4206,5.3
URAHARA,4207,5.8
青春×机关枪,4208,5.9
关于唯一能让笨蛋妹妹变聪明的方法只有我的××的事,4209,5.6
鬼神传,4210,5.4
与魔共舞,4211,5.8
悦楽の胤 THE ANIMATION,4212,5.2
我的Pico2,4213,5.8
放課後にゃんにゃん,4214,5.4
冤罪,4215,5.6
泥鲸之子们在沙地上歌唱,4216,5.9
くりぃみぃパイ,4217,5.1
黑白来看守所,4218,5.9
STAR☆jewel,4219,5.6
小林可爱到爆,4220,5.5
Starless,4221,5.5
钢铁侠,4222,5.4
加速世界 Infinite Burst,4223,5.9
刀锋战士,4224,5.6
学战都市Asterisk,4225,6.0
名侦探柯南 第11位前锋,4226,6.0
我的狐仙女友,4227,6.0
肯普法,4228,6.0
魔法少女育成计划,4229,5.9
屁吾郎,4230,5.7
JKと淫行教師4,4231,5.6
斯特拉女子学院高等科C3部,4232,5.9
当女孩遇到熊,4233,6.0
TRINITY SEVEN 七人魔法使,4234,6.0
声优战队,4235,5.7
混沌头,4236,6.0
军人少女,4237,5.9
十万个冷笑话 第三季,4238,5.1
らぶコロン,4239,5.4
蛊惑之刻,4240,5.8
快盗天使双胞胎,4241,5.7
ワルキューレ調教・ザーメンタンクの戦乙女10人姉妹,4242,5.4
Ragnastrike Angels,4243,5.8
魔鬼恋人 第二季,4244,5.6
おくさまは天使♥,4245,4.8
Code Geass 亡国的阿基德 第三章「辉芒陨落」,4246,5.9
しゃぶらレンタル エッチなおねえさんとのエロエロレンタルお勉強 THE ANIMATION,4247,5.3
新妹魔王的契约者 BURST,4248,5.9
黑之栖 CHRONUS,4249,5.7
Hinaco性爱训练,4250,4.9
金色琴弦 Blue♪Sky,4251,5.6
对魔忍阿莎姬2,4252,5.2
就算是哥哥只要有爱就没问题对吧,4253,6.0
KOWABON,4254,5.8
アノコトイイコト,4255,5.2
魔具少女！通,4256,5.7
守护甜心!派对!,4257,5.8
武装中学生,4258,5.7
魔法少女大战,4259,5.8
えろまんが! Hもマンガもステップアップ♪♪,4260,5.4
18：与你相连的拼图游戏,4261,5.8
妖怪公寓的优雅日常,4262,5.7
侦探小队KZ事件簿,4263,5.5
ナイショの若菜さん,4264,4.9
剧场版 魔法科高校的劣等生 呼唤星辰的少女,4265,5.8
红美与郁金香,4266,5.3
Fate/Grand Order -First Order-,4267,5.9
应避忌的狼,4268,5.7
真・秘湯めぐり,4269,5.5
REPLY 滨虎,4270,5.9
我老婆是学生会长!+!,4271,5.9
战国BASARA Judge End,4272,5.7
厳格クールな先生がアヘボテオチ!,4273,5.3
简单易懂的魔法科！,4274,5.1
理～你的心洒落的碎片～,4275,5.5
黑神,4276,5.8
ラブesエム THE ANIMATION,4277,5.2
炎の孕ませもっと！発育っ！身体測定2 THE ANIMATION,4278,5.1
12岁。小小的胸口心跳加速,4279,5.8
かぎろひ～勺景～ Another,4280,5.0
巨乳令嬢MC学園,4281,5.2
BUST TO BUST－ちちはちちに－,4282,4.8
战国乙女～桃色Paradox～,4283,5.8
えろまめ,4284,4.8
损坏之物：璃沙,4285,5.5
Fate/Grand Order -MOONLIGHT/LOSTROOM-,4286,5.7
せいこう！ 〜幼なじみは照れくさそうに嘘をつく〜,4287,4.9
圣洁天使 Ange Vierge,4288,5.8
键姬物语,4289,5.3
圣痕炼金士II,4290,5.9
枕男子,4291,5.6
暗芝居 第三季,4292,5.7
武装少女,4293,5.8
混沌子 SILENT SKY,4294,5.6
寿司警察,4295,5.4
超级索尼子,4296,5.9
滨虎,4297,5.9
祝福的钟声,4298,5.9
純愛まにあっく,4299,5.1
太阳之子,4300,5.5
宇宙警探elDLIVE,4301,5.5
ふくびき!トライアングル～双葉はあたふた～♥～,4302,5.3
B-PROJECT～鼓动＊Ambitious～,4303,5.4
生膣ひゃくぱぁせんと！,4304,5.3
神隐之狼,4305,5.9
僕だけのヘンタイカノジョ THE ANIMATION,4306,4.9
あい☆きゃん〜はめドル・レイナ〜囁く憎棒に拒み潤う媚肉♥〜,4307,5.3
BEATLESS -没有心跳的少女-,4308,5.7
働くオトナの恋愛事情 THE ANIMATION,4309,5.1
奈奈与薰的SM日记,4310,5.7
SHUFFLE! MEMORIES,4311,5.8
氷堂伊吹 ～完璧伊吹会长が拘束ドMな理由～,4312,5.4
京四郎和永远的天空,4313,5.6
火影忍者剧场版 大兴奋！三日月岛上的动物骚乱,4314,5.7
听我的话！催眠女友～奴隶洗脑的中出生活！！～,4315,5.5
第二次裏入学試験 THE ANIMATION,4316,4.9
我的pico,4317,5.8
不良にハメられて受精する巨乳お母さん THE ANIMATION,4318,5.3
喰ヒ人 ツンデレストッキング・琴音 ～乱れ尻ハメ乗り2穴～,4319,5.2
別にアンタの為に大きくなったんじゃないんだからねっ！！,4320,5.0
数码兽大冒险 tri. 第二章「决意」,4321,5.8
终结的炽天使 OVA,4322,5.5
我的pico3,4323,5.7
猥亵导弹,4324,5.2
奥様は元ヤリマン,4325,4.9
八尺八話快樂巡り～異形怪奇譚～ THE ANIMATION,4326,5.3
闪乱神乐,4327,5.8
秦时明月大电影之龙腾万里,4328,5.4
JKビッチに搾られたい,4329,5.4
娘ワレモノ THE ANIMATION,4330,5.1
任性HighSpec,4331,5.8
恋研！~我们变成动画啦！~,4332,5.3
龙珠Z 复活的F,4333,5.7
伊斯卡 OAD,4334,5.2
天真无邪的乐园,4335,5.6
清楚で真面目な彼女が、最凶ヤリサーに勧誘されたら…？ THE ANIMATION,4336,4.8
幕末摇滚,4337,5.6
温泉幼精箱根酱,4338,5.8
写真女友,4339,5.8
便利店男友,4340,5.1
The ガッツ！,4341,4.8
恋爱暴君,4342,5.8
日本国有铁道公安队,4343,5.8
雷加利亚三圣星,4344,5.7
兄弟战争,4345,5.8
異国なレトロ,4346,4.8
魔鬼恋人,4347,5.8
黑色推销员NEW,4348,5.7
除魔维纳斯,4349,5.5
无法逃离的背叛,4350,5.8
爆肝工程师的异世界狂想曲,4351,5.8
极黑的布伦希尔特,4352,5.9
窓視相愛 ～純愛メロウより～,4353,4.9
对魔导学园35试验小队,4354,5.8
闪光的夜袭,4355,5.7
骑士战场,4356,5.7
最弱无败神装机龙,4357,5.8
临时女友,4358,5.7
对魔忍雪风,4359,5.4
RS计划 -Rebirth Storage-,4360,5.2
ケダモノ（家族）たちの住む家で,4361,5.3
机器人妈妈,4362,5.2
片田舎に嫁いできた○シア娘とHしまくるお話,4363,5.0
约会大作战 万由里裁决,4364,5.8
Rewrite,4365,5.8
勇者大战魔物娘,4366,4.8
是魔法使的话就吃味噌！,4367,5.3
精灵使的剑舞,4368,5.8
義母散華,4369,4.7
绯弹的亚里亚AA,4370,5.8
水晶之焰,4371,5.0
巧克力与香子兰 OVA,4372,5.6
名侦探柯南 绝海的侦探,4373,5.8
圣斗士星矢Ω,4374,5.7
乳旋风,4375,4.7
仰望天空的少女瞳中的世界,4376,5.8
青春CUP,4377,5.7
地海传说,4378,5.7
魔力家族 -La storia della Arcana Famiglia-,4379,5.8
えろゼミ ～エッチにヤルきにABC～ THE ANIMATION,4380,4.8
甲铁城的卡巴内利,4381,5.8
M男食い ラストオーダー,4382,5.0
喜羊羊与灰太狼之牛气冲天,4383,5.1
我，要成为双马尾,4384,5.8
美脚性奴会長 亜衣,4385,5.1
おっぱインフィニティ∞! THE ANIMATION,4386,4.9
魔乳秘剑帖,4387,5.7
金刚狼,4388,4.8
R-15,4389,5.8
ももいろみるく,4390,4.6
伽利略少女,4391,5.8
IS2 OVA 一夏的回忆,4392,5.7
弹丸论破3 -The End of 希望之峰学园- 希望篇,4393,5.7
"私は, 快楽依存症",4394,4.7
SWORD GAI 装刀凯,4395,4.6
目隐都市的演绎者,4396,5.8
腹黑妹妹控兄记,4397,5.8
およめさまHONEYDAYS,4398,4.7
吸血鬼仆人,4399,5.4
假面Noise,4400,5.6
学园帅哥,4401,5.6
星梦手记,4402,5.0
妹とその友人がエロすぎて俺の股間がヤバイ,4403,5.1
オトメヒメ,4404,4.6
日在校园OVA 情人节,4405,5.6
弹丸论破3 -The End of 希望之峰学园- 绝望篇,4406,5.8
舞兵器舞乱伎,4407,5.7
は～とふるママン THE ANIMATION,4408,4.9
光明之心-幸福的面包,4409,5.7
彼女は誰とでもセックスする,4410,5.1
魂兽,4411,5.5
洁癖男子！青山君,4412,5.5
从前有座灵剑山 第二季,4413,5.4
学園で時間よ止まれ,4414,5.4
梵蒂冈奇迹调查官,4415,5.5
風輪奸山,4416,4.8
战国无双,4417,5.2
魔法科高校的劣等生,4418,5.8
喜羊羊与灰太狼之羊羊运动会,4419,4.8
新生 ふたなりアイドル♡（ハートマーク）でかたま系！,4420,4.7
箱入少女-Virgin Territory-,4421,5.2
反照者,4422,4.6
本当にあった 女子○生 いけない秘密のアルバイト 明日香,4423,4.6
大鱼·海棠,4424,5.7
放学后Initiation,4425,4.6
绝命制裁X,4426,5.5
地狱幼稚园,4427,5.2
桃色望遠鏡 Anime Edition,4428,4.5
サグラレ堕メ THE ANIMATION,4429,4.9
Charlotte,4430,5.8
ずっと好きだった,4431,4.6
魂链,4432,5.4
ぜったい遵守☆強制子作り許可証!!,4433,5.4
暗芝居 第四季,4434,5.5
朝からずっしりミルクポット おち○ぽみるく,4435,5.2
约会大作战 第二季,4436,5.8
Z/X IGNITION,4437,5.5
イマコシステム,4438,4.5
神圣骑士,4439,5.2
寻找失去的未来,4440,5.7
sin 七大罪,4441,5.6
逆转裁判,4442,5.7
Chu（治癒）してあげちゃう～押しかけお姉さんの性交恥療～,4443,5.3
JKとエロ議員センセイ,4444,5.4
战斗女子高校,4445,5.3
"Wake Up, Girls! 新章",4446,5.2
最近我的妹妹有点怪,4447,5.7
核爆默示录,4448,5.7
数码兽大冒险 tri. 第一章「再会」,4449,5.7
当不成勇者的我，只好认真找工作了。,4450,5.7
魔将の贄3,4451,4.8
聖ヤリマンシスターズ☆パコパコ日記 THE ANIMATION,4452,4.6
少女们向荒野进发,4453,5.7
輪姦媚薬中毒,4454,5.0
电波教师,4455,5.6
新・聖ヤリマン学園援交日記 THE ANIMATION,4456,4.8
11eyes OVA,4457,5.6
LO Re：パコ すくすくみずきちゃん THE ANIMATION,4458,4.5
姦染5～The Daybreak～,4459,5.1
らぶ2Quad,4460,5.3
麻吕的患者是蓝领 咲美之章,4461,5.0
钢铁三国志,4462,4.9
蟑螂娘,4463,5.5
新妹魔王的契约者,4464,5.7
魔法少女？Naria☆Girls,4465,4.9
恋爱禁止的世界,4466,5.6
天使的水果糖,4467,5.4
25岁的女高中生,4468,4.9
初恋Monster,4469,5.5
雨色可可 欢迎来到Rainy color！,4470,4.7
早安恋味糕点店,4471,5.3
吸尻鬼,4472,5.1
美少女死神 还我H之魂,4473,5.7
女系家族III～秘密HIMITSU卑蜜～,4474,4.6
英雄传说 空之轨迹,4475,5.6
眼镜部,4476,5.4
龙之界点,4477,5.7
断裁分离的罪恶之剪,4478,5.7
双星之阴阳师,4479,5.6
终结的炽天使 名古屋决战篇,4480,5.6
相亲对象是强硬的问题学生,4481,5.2
私が虜になって犯る,4482,4.3
弹丸论破3 -The End of 希望之峰学园- 未来篇,4483,5.7
剧场版 七人魔法使 -悠久图书馆与炼金术少女-,4484,5.4
乱步奇谭,4485,5.7
悠久持有者！～魔法老师! 2～,4486,5.4
麻雀酒店,4487,5.2
狗与剪刀的正确用法,4488,5.7
光明之泪×风,4489,5.5
梦幻之星online2,4490,5.4
弁魔士圣知,4491,5.6
原书·原书使,4492,5.4
三人行必有我妹,4493,5.6
冰海精灵之灯,4494,4.6
法外制裁者,4495,5.6
信长之枪,4496,5.4
浦和小调,4497,5.3
混沌子,4498,5.6
魔具少女！,4499,5.6
手垢塗れの天使 THE ANIMATION,4500,4.5
奇迹列车～欢迎来到大江户线～,4501,5.4
偶像事变,4502,5.2
星座彼氏,4503,5.6
解谜之音,4504,4.8
転生剣奴の子作り闘技場,4505,4.6
数码兽大冒险 tri. 第四章「丧失」,4506,5.3
从前有座灵剑山,4507,5.5
七美德,4508,4.9
PINKERTON,4509,4.4
ENDRIDE,4510,4.5
ボクの弥生さん,4511,4.8
龙鸣,4512,5.4
机动战士高达 铁血的奥尔芬斯 第二季,4513,5.5
空罐少女,4514,5.6
IS〈无限斯特拉托斯〉第二季,4515,5.6
黒の教室,4516,4.8
After... THE ANIMATION,4517,4.7
风夏,4518,5.6
催眠クラス～女子全員、知らないうちに妊娠してました～,4519,4.4
代号Qualidea,4520,5.5
东京ESP,4521,5.5
黑与金之钥匙,4522,5.1
黄色的星星,4523,5.2
デモニオン ～外伝～,4524,4.5
火影忍者 博人传之火影次世代,4525,5.4
如果她的旗帜被折断了,4526,5.6
愚者信长,4527,5.5
Crane Game Girls,4528,4.5
我被绑架到贵族女校当“庶民样本”,4529,5.6
黑色五叶草,4530,5.3
重神机潘多拉,4531,5.0
妻の母さゆり,4532,4.5
神怒之日,4533,4.9
舰队Collection,4534,5.6
想成为世界最强,4535,5.4
イエナイコト THE ANIMATION,4536,4.5
猎人 剧场版 最后的任务,4537,5.2
堕落千金,4538,4.7
Schoolgirl Strikers,4539,5.1
ネトラセラレ,4540,4.6
Z计划,4541,4.7
白银的意志 ARGEVOLLEN,4542,5.4
绯色的欠片,4543,5.4
こんなに優しくされたの,4544,4.2
苍翼默示录 Alter Memory,4545,5.5
恋狱 月狂病,4546,4.8
幸运逻辑,4547,5.3
Zトン人外アニメーション A Beautiful Greed Nulu Nulu,4548,4.3
日在校园OVA 魔法少女小心心,4549,5.5
Code Geass 亡国的阿基德 第四章「憎恨记忆」,4550,5.5
ちっちゃなおなか,4551,4.5
科学家们,4552,5.1
Room Mate ～One Room side M～,4553,4.7
メンヘラ歩理のヤまないおねだり ～ヘッドホンは はずせない～,4554,4.1
龙 -RYO-,4555,5.2
十二大战,4556,5.5
红伤骑士X,4557,4.5
狙われた女神天使エンゼルティアー ～守った人間達に裏切られて～,4558,4.8
イケナイコト THE ANIMATION,4559,4.7
痴汉许可证,4560,4.7
曾几何时天魔的黑兔,4561,5.5
おいでよ！私立ヤリまｘり学園,4562,4.7
螺旋遡行のディストピア,4563,4.3
创圣的大天使LOGOS,4564,5.2
关于我女友是个一本正经的碧池这件事,4565,5.4
至高指令 OAD,4566,5.1
阿拉德战记,4567,5.3
跳水男孩,4568,4.7
のせわすれ ～女教師中善寺綾乃の淫鬱なこれから～,4569,4.1
ALDNOAH.ZERO 第二季,4570,5.5
やりマン不動産 おすすめ物件はコ・チ・ラ ～女社長はいつも空室あり～,4571,4.4
百万偶像,4572,4.6
壳之少女,4573,5.0
东京喰种√A,4574,5.5
火星异种 REVENGE,4575,5.2
猎人 剧场版 绯色的幻影,4576,5.2
11eyes,4577,5.4
自宅警備員,4578,4.7
M3～黑色之钢～,4579,5.3
革神语,4580,5.3
樱花忍法帖,4581,4.3
两个人是少女福尔摩斯,4582,5.2
妻が温泉でサークル仲間の肉便器になったのですが… Anime Edition,4583,3.9
铳皇无尽的法夫纳,4584,5.3
星刻的龙骑士,4585,5.4
台风的诺尔达,4586,5.1
神圣之门,4587,5.1
机动战士高达AGE,4588,5.3
彗星路西法,4589,5.3
豚の如き山賊に捕らわれて処女を奪われる巨乳姫騎士＆女戦士 ～絶対チ●ポなんかに負けたりしない!!～ THE ANIMATION,4590,3.9
游戏王ARC-V,4591,5.2
夜明前的琉璃色-Crescent Love-,4592,5.2
终结的炽天使,4593,5.4
柴犬子,4594,4.9
姦染 Ball Buster The Animation,4595,4.0
变形少女,4596,4.4
风云维新大将军,4597,4.8
雨色可可,4598,4.8
POP TEAM EPIC,4599,5.3
JKとオーク兵団 ～悪豚鬼に凌虐された聖女学園～,4600,4.7
裙子下的野兽,4601,5.0
アネキの口内解禁日,4602,4.6
理欧 彩虹之门,4603,5.1
第一次的辣妹,4604,5.2
桃剑,4605,5.0
魔装学园H×H,4606,5.2
名侦探柯南 业火的向日葵,4607,5.2
数码兽大冒险 tri. 第五章「共生」,4608,4.6
玻璃之唇,4609,5.2
TRICKSTER -来自江户川乱步「少年侦探团」-,4610,4.9
百武装,4611,5.1
雏蜂,4612,4.8
绝对双刃,4613,5.1
ヌキどきッ！Revolution◆ 〜天使と悪魔の搾精バトル〜,4614,4.1
pupa,4615,5.2
捏造陷阱,4616,5.0
时钟机关之星,4617,5.0
皇帝圣印战记,4618,4.7
喜羊羊与灰太狼,4619,4.7
Code Geass 亡国的阿基德 最终章「致我所爱」,4620,4.9
禁忌咒纹,4621,4.9
Aサイズ クラスメイト Anime Edition,4622,3.8
世界之暗图鉴,4623,4.4
圣剑使的禁咒咏唱,4624,4.9
斗破苍穹,4625,4.2
正确的KADO,4626,4.9
枪神斯托拉塔斯,4627,4.8
带着智能手机闯荡异世界。,4628,4.8
Fate/Apocrypha,4629,4.9
枪与假面舞会,4630,4.6
メイドさんとボイン魂 THE ANIMATION,4631,2.9
星原战记,4632,3.4
飼育×彼女,4633,3.8
与僧侣交合的色欲之夜,4634,4.6
伊斯卡,4635,4.6
一课一练,4636,4.1
剑灵,4637,4.5
空战魔导士候补生的教官,4638,4.6
吸血鬼福尔摩斯,4639,3.9
女高中生给你做饭了！,4640,4.1
至高指令,4641,4.4
绝对冲击,4642,3.9
咎狗之血,4643,4.3
迷家,4644,4.2
Hand Shakers,4645,4.0
魔法战争,4646,4.0
终之空,4647,2.5
神秘之法,4648,1.6
Chaos Dragon 赤龙战役,4649,3.6
国王游戏,4650,3.2
高铁英雄,4651,2.2
汽车人总动员,4652,1.0
高铁侠,4653,1.2
雷锋的故事,4654,1.2
